-- phpMyAdmin SQL Dump
-- version 5.2.1
-- https://www.phpmyadmin.net/
--
-- Servidor: mysqlDawes2324:3306
-- Tiempo de generación: 03-11-2023 a las 09:02:14
-- Versión del servidor: 5.7.22
-- Versión de PHP: 8.2.8

SET SQL_MODE = "NO_AUTO_VALUE_ON_ZERO";
START TRANSACTION;
SET time_zone = "+00:00";


/*!40101 SET @OLD_CHARACTER_SET_CLIENT=@@CHARACTER_SET_CLIENT */;
/*!40101 SET @OLD_CHARACTER_SET_RESULTS=@@CHARACTER_SET_RESULTS */;
/*!40101 SET @OLD_COLLATION_CONNECTION=@@COLLATION_CONNECTION */;
/*!40101 SET NAMES utf8mb4 */;

--
-- Base de datos: `EmployeeCompany`
--

-- --------------------------------------------------------

--
-- Estructura de tabla para la tabla `company`
--

CREATE TABLE `company` (
  `id` int(11) NOT NULL,
  `name` varchar(50) COLLATE utf8_spanish_ci DEFAULT NULL,
  `address` varchar(50) COLLATE utf8_spanish_ci DEFAULT NULL,
  `city` varchar(50) COLLATE utf8_spanish_ci DEFAULT NULL
) ENGINE=InnoDB DEFAULT CHARSET=utf8 COLLATE=utf8_spanish_ci;

--
-- Volcado de datos para la tabla `company`
--

INSERT INTO `company` (`id`, `name`, `address`, `city`) VALUES
(1, 'Dynava', 'PO Box 84466', 'Bunirasa'),
(2, 'Youspan', '17th Floor', 'Ciro Redondo'),
(3, 'Katz', 'PO Box 14642', 'Kawaguchi'),
(4, 'Fivespan', 'PO Box 32480', 'Yaozhanzi'),
(5, 'Meezzy', 'Suite 88', 'Pontevedra'),
(6, 'Eamia', 'Apt 1617', 'Dianshui'),
(7, 'Twimbo', 'PO Box 68631', 'Hongwŏn'),
(8, 'Vinder', 'Room 553', 'Hengdong Chengguanzhen'),
(9, 'Photojam', '3rd Floor', 'Salta'),
(10, 'Livepath', '7th Floor', 'Sindang'),
(11, 'Yombu', 'Room 1127', 'San Simon'),
(12, 'Eadel', 'Suite 57', 'Baras'),
(13, 'Kimia', 'Room 979', 'Åhus'),
(14, 'Kwideo', 'Room 1210', 'Śródmieście'),
(15, 'Gigabox', 'Room 791', 'Cigaleuh Kulon'),
(16, 'Oba', 'Room 1773', 'Hongmiao'),
(17, 'Jetpulse', 'Apt 832', 'Hallstavik'),
(18, 'Flipbug', 'Apt 298', 'Viedma'),
(19, 'Skiptube', 'Room 1900', 'Dankalwa'),
(20, 'Thoughtbridge', 'Apt 177', 'Hutou'),
(21, 'Youtags', '14th Floor', 'Balas'),
(22, 'Feednation', '18th Floor', 'Gaokan'),
(23, 'Vidoo', 'Room 1076', 'Shuiquan'),
(24, 'Skilith', 'Apt 268', 'Bancar'),
(25, 'Kimia', '8th Floor', 'Braga'),
(26, 'Riffpath', 'Suite 38', 'Starotitarovskaya'),
(27, 'Digitube', 'Suite 67', 'Brniště'),
(28, 'Jabbersphere', 'Room 1962', 'Guxi'),
(29, 'Skippad', '1st Floor', 'Žalec'),
(30, 'Riffwire', 'Apt 324', 'Wesoła'),
(31, 'Nlounge', 'Suite 24', 'Ciodeng'),
(32, 'Meevee', 'Apt 1988', 'Deep River'),
(33, 'Skyba', 'Room 760', 'Sandachō'),
(34, 'Realpoint', '14th Floor', 'Đắk Glei'),
(35, 'Kazu', 'Apt 785', 'Xuanzhou'),
(36, 'Roombo', 'Apt 1268', 'Trakan Phut Phon'),
(37, 'Blogspan', 'PO Box 30103', 'Dandian'),
(38, 'Skajo', 'Apt 1622', 'Catayauan'),
(39, 'Aimbo', 'PO Box 56471', 'Gostilitsy'),
(40, 'Kamba', 'Suite 75', 'Bagjasari'),
(41, 'Tambee', '17th Floor', 'Oster'),
(42, 'Skajo', 'Room 319', 'Al Munīrah'),
(43, 'Skynoodle', 'PO Box 99827', 'Buutuo'),
(44, 'Vinder', 'Room 1724', 'Dehī'),
(45, 'Dabfeed', 'Room 1189', 'Jangheung'),
(46, 'Avamm', 'PO Box 73133', 'Albany'),
(47, 'Janyx', 'Apt 1501', 'Ágios Geórgios'),
(48, 'Wordpedia', 'PO Box 98348', 'Qiulu'),
(49, 'Dynazzy', '5th Floor', 'Midland'),
(50, 'Buzzshare', 'Room 24', 'Gelan'),
(51, 'Janyx', 'PO Box 75568', '‘Anjarah'),
(52, 'Meemm', 'Suite 82', 'Golomunta'),
(53, 'Kwideo', '8th Floor', 'Kaya'),
(54, 'Tanoodle', 'Room 1213', 'Camanducaia'),
(55, 'Feednation', '3rd Floor', 'Jāndiāla Sher Khān'),
(56, 'Zoovu', 'Room 1562', 'Sumberjati'),
(57, 'Jaxbean', 'Apt 241', 'Francisco I Madero'),
(58, 'Kare', '19th Floor', 'Panorama'),
(59, 'Camido', 'Suite 13', 'Harembo'),
(60, 'Avamba', 'Apt 96', 'Governador Valadares'),
(61, 'Wordtune', 'Suite 34', 'Vilnius'),
(62, 'Edgewire', 'Suite 50', 'Daitou'),
(63, 'DabZ', '2nd Floor', 'Repki'),
(64, 'Jetpulse', 'Apt 54', 'Burgastai'),
(65, 'Linktype', 'Apt 1071', 'Vranje'),
(66, 'Thoughtbeat', 'PO Box 91132', 'Gannan'),
(67, 'Realpoint', 'Suite 78', 'Atlanta'),
(68, 'Demizz', '15th Floor', 'Yanggang'),
(69, 'Zazio', '15th Floor', 'Huacaschuque'),
(70, 'Midel', 'Suite 98', 'Parnaíba'),
(71, 'Skiptube', 'Suite 68', 'Madrid'),
(72, 'Mudo', 'Suite 16', 'Cabaret'),
(73, 'Leenti', 'Suite 24', 'Charleston'),
(74, 'Abata', 'Suite 59', 'Sindangheula'),
(75, 'Kazu', 'PO Box 85792', 'Xialaxiu'),
(76, 'Kwideo', 'Apt 641', 'Cikeusal'),
(77, 'Wikido', 'Suite 22', 'Kungsör'),
(78, 'Thoughtmix', 'Room 1473', 'Plan de Ayala'),
(79, 'Skinix', 'Suite 92', 'Altanbulag'),
(80, 'Youopia', 'Suite 14', 'Fonte Boa da Brincosa'),
(81, 'Mynte', 'Apt 690', 'Guadalupe'),
(82, 'Tagopia', 'Room 1122', 'Derventa'),
(83, 'Jabbersphere', 'PO Box 46218', 'Iligan City'),
(84, 'Jabbertype', 'PO Box 42115', 'Joroan'),
(85, 'Oloo', 'PO Box 16731', 'Komenda'),
(86, 'Edgeify', 'Apt 1105', 'Manikchari'),
(87, 'Vipe', 'PO Box 76578', 'Nilanapo'),
(88, 'Meezzy', 'Room 1964', 'Trosa'),
(89, 'Eire', 'Suite 55', 'Jingchuan'),
(90, 'Dynabox', 'Apt 300', 'Grivenskaya'),
(91, 'Jaxnation', '16th Floor', 'Temizhbekskaya'),
(92, 'Quaxo', 'Apt 281', 'Tempursari Wetan'),
(93, 'Trilith', '4th Floor', 'Suzaka'),
(94, 'Trilia', 'Apt 369', 'Berlin'),
(95, 'Skalith', 'Room 1484', 'Huicheng'),
(96, 'Realcube', 'Suite 36', 'Kedungasem'),
(97, 'Zoonoodle', 'Suite 86', 'Atami'),
(98, 'Vimbo', 'Room 707', 'Guanchao'),
(99, 'Realcube', 'Suite 62', 'Luohe'),
(100, 'Flipbug', '1st Floor', 'Verkhnevilyuysk');

-- --------------------------------------------------------

--
-- Estructura de tabla para la tabla `companyProject`
--

CREATE TABLE `companyProject` (
  `idCompany` int(11) NOT NULL,
  `idProject` int(11) NOT NULL,
  `begin` date NOT NULL,
  `end` date DEFAULT NULL
) ENGINE=InnoDB DEFAULT CHARSET=utf8 COLLATE=utf8_spanish_ci;

--
-- Volcado de datos para la tabla `companyProject`
--

INSERT INTO `companyProject` (`idCompany`, `idProject`, `begin`, `end`) VALUES
(1, 27, '2022-05-07', '2023-04-27'),
(1, 46, '2021-02-21', '2023-05-10'),
(1, 47, '2021-08-14', '2023-07-26'),
(1, 54, '2022-04-29', '2023-05-30'),
(1, 65, '2021-04-30', '2023-03-17'),
(1, 75, '2021-07-10', '2023-10-11'),
(1, 87, '2021-09-13', '2023-06-05'),
(1, 94, '2022-07-17', '2023-05-16'),
(1, 98, '2022-04-06', '2023-02-02'),
(2, 1, '2021-11-01', '2023-06-21'),
(2, 11, '2022-04-20', '2023-02-10'),
(2, 24, '2021-09-02', '2023-02-20'),
(2, 25, '2021-12-19', '2023-01-24'),
(2, 37, '2021-04-04', '2022-12-29'),
(2, 41, '2022-06-29', '2023-04-29'),
(2, 45, '2021-10-19', '2023-01-24'),
(2, 55, '2021-11-18', '2023-02-05'),
(2, 63, '2022-03-20', '2023-05-02'),
(2, 67, '2021-05-06', '2022-11-27'),
(2, 68, '2021-01-26', '2023-09-25'),
(2, 68, '2021-05-07', '2023-04-25'),
(2, 68, '2021-10-24', '2023-07-08'),
(2, 76, '2021-12-20', '2023-06-23'),
(2, 85, '2022-02-25', '2023-07-01'),
(3, 10, '2021-08-17', '2023-05-25'),
(3, 28, '2022-02-11', '2023-10-02'),
(3, 37, '2021-02-02', '2023-08-15'),
(3, 51, '2021-01-22', '2023-04-16'),
(3, 55, '2021-10-12', '2023-09-03'),
(3, 84, '2022-06-03', '2023-08-11'),
(3, 92, '2022-09-26', '2023-01-03'),
(4, 15, '2022-07-01', '2022-12-11'),
(4, 17, '2021-07-30', '2023-03-02'),
(4, 65, '2021-12-31', '2023-05-01'),
(4, 70, '2021-05-10', '2023-08-25'),
(4, 80, '2022-03-20', '2023-05-20'),
(4, 100, '2022-02-17', '2023-10-25'),
(5, 2, '2021-03-09', '2023-10-20'),
(5, 11, '2021-07-14', '2023-07-11'),
(5, 20, '2022-07-18', '2023-04-18'),
(5, 22, '2021-07-01', '2023-10-14'),
(5, 40, '2022-10-11', '2023-06-08'),
(5, 51, '2021-01-06', '2023-03-18'),
(5, 51, '2021-08-04', '2023-03-29'),
(5, 55, '2021-01-11', '2023-10-14'),
(5, 76, '2021-12-18', '2023-09-01'),
(5, 82, '2021-07-07', '2023-01-04'),
(5, 85, '2022-07-05', '2022-11-14'),
(5, 98, '2021-06-07', '2023-09-29'),
(6, 1, '2021-08-19', '2023-07-17'),
(6, 10, '2021-08-08', '2022-12-05'),
(6, 15, '2022-03-15', '2022-11-30'),
(6, 16, '2021-11-01', '2023-09-26'),
(6, 20, '2021-01-10', '2023-09-09'),
(6, 20, '2021-06-29', '2023-07-09'),
(6, 40, '2021-10-15', '2023-03-02'),
(6, 50, '2022-05-20', '2023-03-17'),
(6, 80, '2022-09-26', '2023-08-09'),
(6, 82, '2021-03-16', '2023-07-21'),
(6, 86, '2022-07-26', '2023-03-11'),
(6, 94, '2022-06-02', '2023-09-12'),
(7, 12, '2021-02-02', '2023-08-01'),
(7, 13, '2021-07-24', '2022-11-26'),
(7, 73, '2022-02-10', '2023-05-05'),
(8, 30, '2022-06-12', '2022-11-09'),
(8, 33, '2021-09-21', '2023-07-29'),
(8, 47, '2021-08-19', '2023-08-05'),
(8, 52, '2022-06-23', '2023-08-29'),
(8, 58, '2022-08-05', '2022-12-02'),
(8, 71, '2021-06-13', '2023-10-24'),
(9, 16, '2021-04-13', '2023-09-09'),
(9, 22, '2021-06-15', '2023-08-30'),
(9, 35, '2022-04-07', '2023-10-24'),
(9, 37, '2021-12-28', '2023-03-23'),
(9, 56, '2021-09-04', '2023-01-18'),
(9, 61, '2022-08-05', '2023-03-30'),
(9, 66, '2021-03-20', '2023-06-15'),
(9, 68, '2021-02-04', '2023-05-05'),
(9, 78, '2021-06-14', '2022-11-13'),
(9, 88, '2021-02-03', '2023-02-20'),
(9, 94, '2022-09-09', '2023-06-01'),
(9, 97, '2021-02-05', '2023-01-09'),
(10, 14, '2021-12-30', '2023-08-10'),
(10, 51, '2021-08-26', '2022-12-06'),
(10, 62, '2022-06-18', '2023-05-12'),
(10, 63, '2021-04-08', '2023-08-21'),
(10, 63, '2022-10-22', '2023-04-24'),
(11, 5, '2022-03-01', '2023-09-14'),
(11, 29, '2022-05-09', '2023-04-23'),
(11, 35, '2022-09-10', '2023-07-22'),
(11, 37, '2021-08-01', '2023-06-11'),
(11, 48, '2022-04-28', '2023-07-28'),
(11, 57, '2022-05-19', '2022-12-07'),
(11, 82, '2022-10-14', '2023-06-27'),
(12, 10, '2021-05-21', '2023-01-18'),
(12, 14, '2022-08-28', '2023-10-03'),
(12, 16, '2021-04-13', '2023-03-22'),
(12, 16, '2022-08-16', '2023-08-30'),
(12, 22, '2021-01-18', '2023-04-25'),
(12, 25, '2022-09-20', '2023-01-13'),
(12, 27, '2021-05-20', '2023-10-18'),
(12, 27, '2022-03-15', '2023-07-23'),
(12, 29, '2021-02-18', '2023-07-04'),
(12, 38, '2021-06-15', '2023-07-13'),
(12, 50, '2021-05-03', '2023-05-06'),
(12, 57, '2021-06-19', '2023-03-07'),
(12, 58, '2022-06-12', '2023-07-11'),
(12, 71, '2021-11-04', '2023-09-25'),
(12, 95, '2022-07-08', '2022-11-14'),
(13, 1, '2022-01-11', '2023-08-31'),
(13, 21, '2022-07-19', '2022-12-21'),
(13, 24, '2022-07-05', '2023-05-30'),
(13, 25, '2022-07-01', '2022-12-31'),
(13, 36, '2021-11-17', '2023-03-25'),
(13, 36, '2021-12-24', '2022-12-26'),
(13, 40, '2022-03-05', '2023-09-02'),
(13, 73, '2021-04-03', '2023-01-12'),
(13, 74, '2021-09-23', '2023-05-29'),
(13, 83, '2021-06-25', '2023-03-07'),
(13, 83, '2021-12-28', '2022-12-11'),
(13, 89, '2021-01-05', '2023-05-24'),
(13, 91, '2022-06-29', '2023-01-31'),
(13, 92, '2021-09-24', '2023-03-24'),
(13, 96, '2022-03-30', '2023-09-21'),
(14, 1, '2022-01-03', '2023-09-30'),
(14, 5, '2021-12-17', '2023-05-25'),
(14, 8, '2021-12-13', '2023-05-29'),
(14, 22, '2022-07-19', '2023-05-01'),
(14, 31, '2022-01-16', '2023-02-06'),
(14, 39, '2022-04-14', '2023-03-17'),
(14, 42, '2022-02-20', '2023-02-02'),
(14, 62, '2022-06-17', '2023-06-06'),
(14, 67, '2021-09-15', '2023-09-16'),
(14, 81, '2022-07-29', '2022-12-15'),
(15, 19, '2021-08-04', '2023-05-30'),
(15, 33, '2021-11-17', '2023-07-30'),
(15, 37, '2022-07-17', '2023-08-27'),
(15, 61, '2021-02-06', '2023-05-24'),
(15, 79, '2022-01-27', '2023-07-30'),
(15, 85, '2021-02-24', '2022-12-01'),
(15, 87, '2021-05-27', '2023-05-02'),
(15, 95, '2022-02-02', '2023-01-20'),
(15, 95, '2022-02-14', '2023-10-09'),
(16, 36, '2022-10-11', '2023-01-03'),
(16, 37, '2022-10-14', '2023-08-17'),
(16, 50, '2021-10-29', '2023-10-10'),
(16, 54, '2021-03-31', '2022-11-29'),
(16, 65, '2021-09-30', '2023-04-16'),
(16, 69, '2021-08-09', '2023-01-07'),
(16, 70, '2021-08-17', '2023-08-01'),
(16, 73, '2021-10-10', '2023-06-18'),
(16, 75, '2021-01-27', '2023-09-05'),
(16, 93, '2022-05-28', '2023-05-16'),
(16, 99, '2022-10-06', '2023-03-01'),
(17, 14, '2021-05-26', '2022-11-04'),
(17, 16, '2021-04-27', '2023-06-21'),
(17, 20, '2021-01-10', '2022-12-22'),
(17, 31, '2021-09-17', '2023-10-24'),
(17, 33, '2022-01-28', '2023-09-22'),
(17, 44, '2022-01-13', '2023-04-01'),
(17, 53, '2021-01-24', '2023-04-07'),
(17, 64, '2021-07-16', '2023-03-09'),
(17, 72, '2021-08-21', '2023-04-30'),
(17, 72, '2022-06-12', '2023-04-15'),
(17, 83, '2021-10-08', '2023-10-17'),
(18, 30, '2022-09-10', '2023-04-27'),
(18, 45, '2021-01-22', '2022-12-14'),
(18, 49, '2022-08-22', '2023-08-20'),
(18, 60, '2021-08-09', '2023-10-11'),
(18, 61, '2022-06-23', '2023-05-21'),
(18, 64, '2021-10-28', '2023-06-21'),
(18, 76, '2021-12-26', '2023-01-25'),
(18, 77, '2021-11-16', '2023-01-27'),
(18, 80, '2021-02-12', '2023-03-22'),
(18, 82, '2021-04-01', '2023-03-21'),
(19, 16, '2021-02-16', '2023-01-18'),
(19, 27, '2022-03-04', '2023-04-11'),
(19, 51, '2022-10-10', '2023-06-25'),
(19, 75, '2021-10-22', '2023-05-04'),
(19, 94, '2021-04-24', '2022-12-11'),
(20, 2, '2021-01-23', '2023-04-03'),
(20, 15, '2021-11-28', '2023-07-09'),
(20, 18, '2021-11-25', '2023-06-29'),
(20, 40, '2021-04-26', '2023-08-07'),
(20, 63, '2022-08-19', '2023-04-29'),
(20, 81, '2021-08-11', '2023-10-20'),
(20, 85, '2021-03-02', '2023-05-03'),
(20, 95, '2022-02-15', '2023-07-21'),
(21, 9, '2021-02-12', '2023-02-20'),
(21, 9, '2021-08-09', '2023-05-05'),
(21, 12, '2022-08-19', '2023-02-17'),
(21, 17, '2022-08-29', '2023-02-19'),
(21, 33, '2021-11-27', '2023-01-04'),
(21, 46, '2021-10-21', '2023-08-16'),
(21, 59, '2021-01-04', '2023-09-15'),
(21, 59, '2021-08-28', '2023-08-21'),
(21, 64, '2022-04-13', '2023-05-12'),
(21, 65, '2021-07-25', '2023-05-11'),
(21, 68, '2021-02-16', '2023-05-15'),
(21, 73, '2021-11-11', '2023-06-12'),
(21, 81, '2022-05-26', '2023-05-22'),
(21, 81, '2022-09-19', '2023-03-01'),
(21, 98, '2022-07-11', '2022-12-04'),
(21, 98, '2022-09-12', '2023-01-21'),
(22, 11, '2022-07-13', '2023-09-05'),
(22, 13, '2022-03-21', '2023-02-19'),
(22, 22, '2022-10-19', '2023-07-31'),
(22, 23, '2021-01-13', '2023-04-18'),
(22, 24, '2022-09-23', '2023-02-04'),
(22, 29, '2022-04-14', '2023-06-11'),
(22, 38, '2021-02-04', '2023-03-28'),
(22, 67, '2021-11-07', '2023-07-24'),
(22, 67, '2022-10-04', '2023-01-19'),
(22, 73, '2022-09-07', '2023-08-13'),
(22, 82, '2021-03-28', '2023-02-08'),
(22, 84, '2021-08-21', '2023-05-23'),
(22, 93, '2022-06-12', '2023-03-11'),
(22, 93, '2022-08-07', '2023-09-19'),
(23, 3, '2021-02-01', '2023-06-03'),
(23, 6, '2022-07-25', '2023-08-03'),
(23, 15, '2022-09-27', '2023-03-22'),
(23, 17, '2022-08-29', '2023-09-02'),
(23, 20, '2021-11-24', '2023-01-28'),
(23, 20, '2022-05-31', '2022-11-03'),
(23, 30, '2022-06-03', '2023-09-02'),
(23, 40, '2021-05-25', '2023-06-02'),
(23, 44, '2021-09-14', '2023-04-29'),
(23, 46, '2021-01-03', '2023-02-17'),
(23, 64, '2021-10-26', '2022-12-01'),
(23, 68, '2021-02-04', '2023-05-26'),
(23, 75, '2022-05-28', '2022-11-17'),
(23, 77, '2021-08-21', '2022-12-05'),
(23, 79, '2022-05-26', '2023-04-19'),
(23, 86, '2022-05-13', '2023-03-27'),
(24, 1, '2021-10-25', '2023-01-06'),
(24, 3, '2021-05-17', '2023-03-17'),
(24, 4, '2021-11-25', '2023-09-25'),
(24, 20, '2021-11-30', '2023-01-05'),
(24, 23, '2022-07-09', '2023-06-04'),
(24, 25, '2022-02-08', '2023-06-30'),
(24, 32, '2021-04-02', '2023-02-17'),
(24, 32, '2021-05-01', '2023-02-11'),
(24, 45, '2022-08-15', '2023-04-21'),
(24, 83, '2021-03-31', '2023-06-20'),
(24, 90, '2022-10-11', '2023-07-27'),
(24, 97, '2022-07-07', '2023-07-25'),
(25, 1, '2021-07-24', '2023-01-30'),
(25, 31, '2021-06-16', '2023-07-07'),
(25, 45, '2022-10-25', '2023-08-15'),
(25, 51, '2021-08-16', '2023-06-20'),
(25, 55, '2021-04-20', '2023-08-16'),
(25, 66, '2022-08-24', '2023-06-20'),
(25, 95, '2022-01-06', '2023-02-20'),
(25, 98, '2022-02-03', '2023-10-12'),
(25, 98, '2022-04-01', '2022-11-18'),
(26, 19, '2022-10-09', '2023-09-24'),
(26, 21, '2022-06-06', '2023-06-01'),
(26, 50, '2022-03-11', '2023-08-03'),
(26, 51, '2022-04-19', '2023-06-05'),
(26, 53, '2022-03-20', '2023-05-04'),
(26, 73, '2022-06-02', '2022-12-26'),
(26, 90, '2021-12-14', '2023-05-01'),
(26, 93, '2022-08-09', '2023-01-19'),
(27, 1, '2021-09-21', '2023-07-15'),
(27, 2, '2021-08-15', '2023-10-25'),
(27, 16, '2022-04-30', '2023-08-25'),
(27, 20, '2022-05-31', '2023-07-02'),
(27, 38, '2022-07-16', '2023-03-02'),
(27, 68, '2022-08-27', '2023-03-30'),
(27, 87, '2022-08-24', '2022-12-17'),
(27, 89, '2021-07-20', '2023-05-13'),
(27, 90, '2022-10-12', '2023-07-23'),
(28, 1, '2022-01-08', '2023-05-24'),
(28, 2, '2021-09-07', '2023-08-24'),
(28, 14, '2021-02-21', '2023-07-06'),
(28, 21, '2022-03-06', '2023-10-02'),
(28, 28, '2021-03-14', '2023-08-03'),
(28, 33, '2021-03-03', '2022-12-26'),
(28, 62, '2021-06-04', '2023-04-01'),
(28, 85, '2021-05-11', '2023-02-15'),
(29, 1, '2021-05-08', '2023-04-01'),
(29, 2, '2022-06-12', '2023-05-03'),
(29, 3, '2022-01-30', '2023-04-07'),
(29, 5, '2021-06-30', '2022-12-19'),
(29, 28, '2021-09-12', '2023-08-16'),
(29, 30, '2021-04-23', '2022-11-24'),
(29, 40, '2021-11-02', '2023-01-10'),
(29, 46, '2021-12-17', '2023-06-29'),
(29, 52, '2022-05-06', '2022-12-04'),
(29, 60, '2021-10-29', '2022-12-15'),
(29, 69, '2021-12-02', '2023-10-09'),
(29, 86, '2022-01-21', '2023-07-09'),
(29, 92, '2021-03-26', '2023-06-29'),
(29, 95, '2022-05-27', '2023-04-07'),
(30, 13, '2021-10-15', '2023-07-22'),
(30, 21, '2021-07-27', '2023-03-17'),
(30, 24, '2021-08-31', '2023-08-29'),
(30, 32, '2022-02-22', '2023-07-13'),
(30, 46, '2021-10-02', '2023-10-04'),
(30, 50, '2022-10-17', '2022-12-13'),
(30, 62, '2021-10-30', '2023-06-29'),
(30, 64, '2021-11-01', '2023-03-20'),
(30, 66, '2021-02-04', '2023-03-04'),
(30, 79, '2021-04-23', '2022-11-23'),
(30, 81, '2021-08-03', '2023-09-19'),
(30, 82, '2022-08-20', '2022-11-30'),
(30, 85, '2021-05-28', '2023-05-23'),
(30, 87, '2022-05-01', '2023-08-17'),
(30, 88, '2021-09-10', '2022-12-20'),
(30, 89, '2022-04-02', '2023-07-26'),
(30, 91, '2021-01-18', '2023-03-27'),
(30, 94, '2021-02-25', '2023-10-23'),
(30, 96, '2021-10-30', '2023-09-28'),
(30, 97, '2022-05-20', '2023-09-18'),
(31, 1, '2021-04-02', '2023-02-08'),
(31, 24, '2021-02-12', '2023-10-05'),
(31, 28, '2022-05-30', '2023-03-09'),
(31, 34, '2022-07-21', '2023-02-24'),
(31, 60, '2021-12-21', '2023-04-10'),
(31, 60, '2022-07-16', '2023-04-03'),
(31, 60, '2022-09-23', '2022-11-27'),
(31, 65, '2022-01-18', '2023-08-15'),
(31, 70, '2022-08-21', '2023-07-06'),
(31, 78, '2021-05-12', '2023-06-23'),
(31, 83, '2022-09-08', '2023-06-20'),
(32, 15, '2021-05-12', '2022-10-31'),
(32, 53, '2021-04-25', '2023-10-20'),
(32, 79, '2021-11-25', '2023-02-23'),
(32, 84, '2022-09-11', '2022-11-05'),
(33, 1, '2022-05-21', '2022-12-30'),
(33, 2, '2022-04-09', '2023-10-05'),
(33, 10, '2022-09-12', '2023-08-25'),
(33, 13, '2021-11-05', '2023-08-30'),
(33, 34, '2021-07-16', '2023-07-28'),
(33, 35, '2021-02-12', '2023-03-12'),
(33, 58, '2021-02-19', '2023-02-15'),
(33, 58, '2022-01-29', '2023-05-14'),
(33, 65, '2021-11-13', '2022-12-17'),
(33, 75, '2022-08-11', '2022-11-13'),
(33, 81, '2022-09-29', '2023-10-17'),
(33, 88, '2021-07-10', '2023-08-02'),
(33, 90, '2022-01-21', '2023-03-26'),
(33, 95, '2021-06-04', '2023-06-07'),
(34, 15, '2022-04-14', '2023-10-16'),
(34, 27, '2022-07-16', '2023-09-06'),
(34, 29, '2022-10-17', '2023-03-02'),
(34, 57, '2022-05-14', '2023-08-31'),
(34, 62, '2021-11-11', '2023-03-19'),
(34, 71, '2021-10-05', '2023-02-28'),
(34, 77, '2021-09-22', '2023-03-19'),
(34, 77, '2022-04-08', '2023-10-13'),
(34, 93, '2021-03-23', '2022-11-19'),
(35, 13, '2022-04-02', '2023-01-04'),
(35, 24, '2022-06-02', '2023-02-25'),
(35, 50, '2021-01-23', '2023-01-10'),
(35, 53, '2021-12-27', '2023-01-24'),
(35, 58, '2022-04-08', '2023-10-10'),
(35, 78, '2022-09-28', '2023-09-28'),
(35, 91, '2022-10-13', '2022-12-05'),
(35, 98, '2021-03-18', '2023-01-21'),
(36, 4, '2022-04-16', '2022-10-28'),
(36, 5, '2021-05-20', '2023-07-19'),
(36, 5, '2021-10-21', '2023-10-23'),
(36, 21, '2021-11-08', '2022-11-30'),
(36, 28, '2022-04-22', '2022-11-30'),
(36, 35, '2022-10-23', '2022-11-20'),
(36, 74, '2022-06-20', '2023-10-16'),
(36, 78, '2021-02-19', '2023-02-14'),
(36, 89, '2022-10-03', '2023-01-22'),
(36, 97, '2021-10-10', '2023-06-17'),
(37, 24, '2021-11-27', '2023-07-05'),
(37, 25, '2021-01-31', '2022-10-27'),
(37, 25, '2022-05-02', '2023-04-30'),
(37, 34, '2022-08-21', '2023-05-21'),
(37, 55, '2021-12-09', '2023-03-20'),
(37, 56, '2022-10-13', '2023-08-30'),
(37, 61, '2022-05-04', '2023-10-19'),
(37, 82, '2021-12-26', '2023-04-22'),
(37, 90, '2022-04-14', '2023-05-17'),
(37, 100, '2021-12-12', '2022-11-23'),
(38, 2, '2022-07-06', '2023-10-01'),
(38, 16, '2021-03-18', '2023-08-13'),
(38, 43, '2021-01-18', '2022-11-17'),
(38, 65, '2021-06-14', '2023-03-13'),
(38, 72, '2021-09-24', '2023-07-26'),
(38, 73, '2022-09-05', '2023-10-04'),
(38, 89, '2021-07-16', '2023-05-09'),
(38, 95, '2022-01-13', '2023-02-07'),
(38, 99, '2021-03-23', '2023-01-25'),
(39, 5, '2021-10-03', '2023-03-24'),
(39, 27, '2022-04-01', '2023-09-17'),
(39, 28, '2021-06-20', '2023-06-01'),
(39, 30, '2022-01-05', '2023-10-11'),
(39, 30, '2022-01-10', '2022-12-28'),
(39, 38, '2021-06-30', '2023-07-24'),
(39, 46, '2021-08-24', '2023-06-12'),
(39, 56, '2021-05-12', '2023-05-05'),
(39, 63, '2021-06-28', '2023-09-28'),
(39, 75, '2022-03-27', '2023-01-24'),
(40, 4, '2021-11-20', '2023-01-13'),
(40, 7, '2022-03-11', '2023-04-13'),
(40, 35, '2021-04-22', '2023-09-11'),
(40, 36, '2021-07-26', '2022-12-27'),
(40, 38, '2022-10-11', '2023-09-04'),
(40, 47, '2022-08-07', '2023-06-11'),
(40, 58, '2021-09-30', '2023-04-22'),
(40, 64, '2021-03-10', '2023-06-22'),
(40, 66, '2022-03-14', '2023-08-26'),
(40, 76, '2021-07-11', '2023-05-05'),
(40, 85, '2021-07-09', '2022-12-04'),
(40, 99, '2022-03-27', '2023-04-14'),
(41, 2, '2021-09-05', '2023-02-22'),
(41, 8, '2022-09-04', '2023-01-10'),
(41, 26, '2021-06-28', '2022-12-16'),
(41, 33, '2021-10-05', '2023-07-02'),
(41, 60, '2022-03-10', '2022-12-05'),
(41, 66, '2021-09-10', '2022-12-03'),
(41, 67, '2021-12-05', '2022-12-07'),
(41, 70, '2022-02-01', '2023-06-16'),
(41, 81, '2021-07-29', '2023-03-21'),
(42, 12, '2021-04-10', '2023-02-14'),
(42, 17, '2022-02-18', '2023-07-08'),
(42, 24, '2022-01-25', '2023-07-27'),
(42, 31, '2021-05-01', '2023-10-14'),
(42, 32, '2021-12-15', '2023-01-21'),
(42, 37, '2021-10-26', '2023-02-15'),
(42, 49, '2021-07-21', '2023-07-26'),
(42, 50, '2022-08-17', '2022-12-05'),
(42, 72, '2022-01-19', '2022-10-31'),
(42, 74, '2021-08-11', '2023-08-28'),
(42, 74, '2021-12-02', '2023-03-28'),
(42, 79, '2022-07-11', '2023-05-14'),
(43, 7, '2021-03-29', '2023-03-03'),
(43, 33, '2022-10-22', '2023-02-02'),
(43, 40, '2022-09-13', '2023-10-22'),
(43, 65, '2022-01-25', '2023-09-25'),
(43, 68, '2022-09-09', '2023-09-12'),
(43, 69, '2021-02-09', '2023-03-22'),
(43, 71, '2022-07-16', '2022-11-15'),
(43, 78, '2022-01-19', '2023-07-29'),
(44, 10, '2022-08-10', '2022-12-18'),
(44, 12, '2022-03-07', '2023-01-17'),
(44, 23, '2021-07-04', '2023-10-12'),
(44, 47, '2022-09-11', '2023-08-18'),
(44, 71, '2021-06-01', '2023-05-21'),
(44, 90, '2022-06-09', '2022-12-31'),
(44, 97, '2022-07-10', '2023-06-04'),
(44, 97, '2022-10-21', '2023-10-21'),
(45, 6, '2021-09-04', '2023-10-20'),
(45, 8, '2022-07-24', '2023-01-10'),
(45, 10, '2021-09-16', '2023-03-27'),
(45, 18, '2021-08-22', '2023-03-27'),
(45, 33, '2021-09-10', '2022-11-10'),
(45, 47, '2022-02-06', '2022-12-29'),
(45, 65, '2021-09-19', '2023-07-19'),
(45, 70, '2021-11-08', '2023-09-30'),
(45, 72, '2022-04-01', '2023-04-04'),
(45, 74, '2022-09-04', '2022-12-15'),
(46, 13, '2022-08-11', '2023-03-04'),
(46, 33, '2021-07-08', '2022-12-10'),
(46, 34, '2022-06-01', '2023-08-20'),
(46, 53, '2022-08-09', '2023-02-16'),
(46, 74, '2022-09-11', '2023-09-23'),
(46, 86, '2022-06-17', '2023-03-21'),
(47, 15, '2021-10-25', '2023-08-02'),
(47, 15, '2022-01-01', '2022-12-13'),
(47, 23, '2021-09-13', '2023-03-29'),
(47, 33, '2022-06-09', '2023-10-04'),
(47, 44, '2021-05-25', '2023-06-07'),
(47, 45, '2021-02-23', '2023-06-21'),
(47, 47, '2022-06-12', '2022-11-21'),
(47, 56, '2022-05-03', '2023-08-21'),
(47, 59, '2021-05-19', '2022-11-02'),
(47, 65, '2022-01-27', '2023-06-05'),
(47, 73, '2022-02-06', '2023-06-05'),
(47, 83, '2021-01-10', '2023-04-17'),
(47, 98, '2021-12-20', '2022-12-23'),
(48, 12, '2021-12-26', '2023-04-27'),
(48, 33, '2022-03-23', '2023-05-23'),
(48, 40, '2022-04-30', '2023-01-24'),
(48, 45, '2022-05-08', '2023-06-17'),
(48, 60, '2022-06-17', '2023-05-09'),
(48, 68, '2021-08-04', '2023-06-17'),
(48, 71, '2021-04-11', '2023-07-19'),
(49, 15, '2022-02-26', '2023-02-07'),
(49, 25, '2021-08-28', '2023-01-28'),
(49, 34, '2021-02-26', '2023-10-01'),
(49, 47, '2022-06-09', '2023-07-25'),
(49, 63, '2021-12-22', '2023-05-03'),
(49, 64, '2022-03-30', '2023-01-01'),
(49, 70, '2021-06-14', '2023-01-17'),
(49, 75, '2021-03-27', '2023-03-26'),
(49, 80, '2021-11-26', '2023-02-11'),
(49, 92, '2021-05-16', '2023-10-06'),
(50, 17, '2021-10-13', '2023-01-28'),
(50, 26, '2021-06-10', '2023-06-28'),
(50, 28, '2021-05-27', '2023-06-25'),
(50, 30, '2022-10-23', '2023-06-19'),
(50, 43, '2022-05-24', '2023-06-17'),
(50, 47, '2022-06-18', '2023-10-23'),
(50, 59, '2022-09-25', '2023-08-29'),
(50, 62, '2021-04-21', '2023-09-21'),
(50, 68, '2021-09-19', '2023-03-15'),
(50, 96, '2021-04-17', '2023-02-18'),
(51, 43, '2021-01-27', '2023-09-25'),
(51, 57, '2021-09-24', '2023-07-31'),
(51, 58, '2021-05-17', '2023-01-28'),
(51, 59, '2022-10-08', '2023-06-17'),
(51, 72, '2021-03-21', '2023-03-31'),
(51, 72, '2022-10-03', '2023-01-18'),
(51, 98, '2022-06-04', '2022-12-03'),
(52, 6, '2022-05-16', '2023-09-16'),
(52, 12, '2021-06-17', '2023-02-23'),
(52, 17, '2021-02-23', '2023-01-27'),
(52, 32, '2021-01-10', '2023-06-03'),
(52, 34, '2021-10-15', '2023-05-27'),
(52, 48, '2022-05-09', '2023-03-14'),
(52, 53, '2021-09-10', '2023-01-29'),
(52, 62, '2021-12-21', '2023-07-21'),
(52, 65, '2022-06-29', '2023-07-28'),
(52, 73, '2022-01-10', '2023-01-05'),
(52, 92, '2021-08-02', '2023-04-18'),
(53, 13, '2021-07-24', '2023-02-16'),
(53, 15, '2021-11-14', '2023-04-10'),
(53, 19, '2022-02-06', '2023-04-09'),
(53, 27, '2021-01-23', '2023-01-06'),
(53, 27, '2021-09-29', '2023-06-02'),
(53, 29, '2022-05-26', '2023-01-23'),
(53, 35, '2022-08-15', '2023-04-07'),
(53, 36, '2021-07-21', '2023-03-07'),
(53, 36, '2021-10-28', '2023-07-02'),
(53, 43, '2021-01-21', '2023-03-06'),
(53, 66, '2021-03-12', '2023-02-27'),
(53, 66, '2021-10-21', '2022-10-26'),
(53, 66, '2022-04-25', '2022-11-08'),
(53, 70, '2022-07-13', '2023-08-01'),
(53, 73, '2021-09-09', '2022-11-24'),
(53, 79, '2021-11-21', '2023-08-15'),
(53, 80, '2022-09-04', '2023-03-14'),
(53, 91, '2021-09-17', '2022-12-25'),
(54, 11, '2021-11-05', '2023-06-24'),
(54, 48, '2022-03-18', '2023-04-04'),
(54, 49, '2022-03-11', '2023-07-07'),
(54, 50, '2022-08-27', '2022-11-22'),
(54, 51, '2022-01-29', '2023-02-05'),
(54, 67, '2022-09-17', '2022-12-09'),
(54, 68, '2021-12-04', '2023-06-16'),
(54, 79, '2021-06-24', '2022-10-29'),
(54, 81, '2021-04-14', '2022-12-03'),
(54, 85, '2022-08-28', '2023-01-13'),
(55, 7, '2021-01-22', '2023-04-26'),
(55, 11, '2021-02-03', '2023-07-15'),
(55, 14, '2022-07-06', '2023-08-12'),
(55, 15, '2021-11-01', '2022-12-18'),
(55, 23, '2022-10-03', '2023-06-29'),
(55, 29, '2022-01-02', '2023-06-12'),
(55, 48, '2022-04-04', '2023-05-08'),
(55, 56, '2021-02-14', '2022-11-29'),
(55, 57, '2022-04-05', '2023-04-06'),
(55, 58, '2022-08-21', '2023-03-09'),
(55, 60, '2022-04-09', '2023-08-09'),
(55, 62, '2021-06-01', '2023-09-07'),
(55, 84, '2022-02-07', '2023-07-28'),
(55, 91, '2021-06-11', '2023-08-27'),
(56, 13, '2021-08-23', '2023-06-15'),
(56, 15, '2022-08-02', '2023-05-14'),
(56, 39, '2022-03-18', '2023-04-25'),
(56, 41, '2022-09-11', '2023-09-02'),
(56, 46, '2022-02-16', '2023-03-28'),
(56, 52, '2021-02-02', '2023-01-19'),
(56, 52, '2021-12-16', '2023-05-28'),
(56, 66, '2021-11-08', '2023-08-29'),
(56, 83, '2021-01-11', '2022-12-01'),
(56, 85, '2022-05-25', '2023-10-12'),
(56, 100, '2021-05-24', '2023-08-11'),
(57, 5, '2021-02-08', '2022-11-26'),
(57, 6, '2021-05-30', '2023-06-06'),
(57, 25, '2021-10-03', '2023-03-29'),
(57, 73, '2021-05-11', '2023-01-08'),
(57, 81, '2021-09-25', '2023-09-12'),
(57, 88, '2021-12-22', '2023-09-28'),
(57, 95, '2021-10-29', '2023-06-09'),
(58, 21, '2022-04-18', '2023-08-29'),
(58, 63, '2021-09-16', '2023-01-21'),
(58, 65, '2021-04-03', '2023-10-21'),
(58, 80, '2022-08-28', '2022-12-11'),
(58, 82, '2021-07-18', '2023-03-01'),
(59, 36, '2021-10-22', '2023-09-13'),
(59, 40, '2022-04-25', '2022-11-01'),
(59, 41, '2022-05-07', '2023-09-16'),
(59, 43, '2021-10-24', '2023-07-14'),
(59, 49, '2021-07-20', '2022-11-21'),
(59, 56, '2021-01-13', '2023-09-19'),
(59, 60, '2022-10-25', '2023-06-27'),
(59, 77, '2021-03-11', '2023-06-29'),
(59, 89, '2021-01-27', '2023-01-21'),
(60, 10, '2022-06-24', '2023-02-20'),
(60, 12, '2021-05-19', '2023-07-16'),
(60, 17, '2022-06-05', '2023-04-01'),
(60, 40, '2022-05-05', '2023-09-16'),
(60, 47, '2021-01-23', '2023-04-01'),
(60, 51, '2021-11-11', '2023-08-22'),
(60, 60, '2022-01-14', '2022-11-01'),
(60, 62, '2021-10-30', '2023-01-13'),
(60, 66, '2022-08-01', '2023-01-05'),
(60, 72, '2022-10-11', '2023-01-22'),
(60, 78, '2021-09-22', '2023-05-07'),
(60, 80, '2021-06-19', '2023-02-27'),
(60, 87, '2021-09-03', '2023-05-25'),
(60, 96, '2022-04-19', '2023-03-12'),
(60, 97, '2022-09-29', '2023-02-22'),
(61, 4, '2022-03-10', '2023-08-01'),
(61, 6, '2022-02-09', '2023-10-22'),
(61, 8, '2022-03-06', '2023-09-12'),
(61, 41, '2021-09-05', '2023-07-29'),
(62, 9, '2022-09-19', '2023-09-12'),
(62, 15, '2021-12-18', '2023-05-28'),
(62, 44, '2021-02-19', '2023-09-21'),
(62, 67, '2022-02-23', '2022-12-23'),
(62, 70, '2022-04-15', '2023-04-30'),
(62, 73, '2022-09-12', '2023-02-03'),
(62, 77, '2022-05-08', '2023-01-03'),
(62, 90, '2021-09-17', '2022-11-21'),
(62, 99, '2022-08-29', '2023-07-09'),
(63, 8, '2022-06-21', '2023-03-28'),
(63, 33, '2022-06-01', '2023-10-14'),
(63, 43, '2021-11-30', '2023-08-28'),
(63, 55, '2021-03-10', '2023-09-15'),
(63, 55, '2022-06-22', '2023-04-21'),
(63, 67, '2022-02-27', '2022-11-13'),
(63, 98, '2021-05-27', '2023-08-07'),
(64, 10, '2022-02-04', '2023-03-18'),
(64, 11, '2022-02-28', '2023-09-12'),
(64, 16, '2021-10-25', '2023-05-02'),
(64, 19, '2022-04-08', '2023-08-20'),
(64, 25, '2021-09-01', '2023-05-28'),
(64, 26, '2021-02-01', '2023-06-04'),
(64, 38, '2022-05-18', '2023-09-20'),
(64, 39, '2022-02-07', '2023-09-09'),
(64, 52, '2021-06-28', '2022-10-31'),
(64, 52, '2022-03-05', '2023-09-27'),
(64, 67, '2021-05-21', '2023-03-16'),
(64, 77, '2022-07-12', '2023-10-12'),
(64, 89, '2021-06-03', '2023-08-15'),
(64, 92, '2022-04-05', '2023-01-06'),
(65, 8, '2022-07-27', '2023-03-27'),
(65, 18, '2021-02-13', '2023-03-02'),
(65, 29, '2022-01-04', '2023-09-13'),
(65, 31, '2021-07-26', '2023-09-09'),
(65, 32, '2021-03-26', '2023-07-01'),
(65, 42, '2022-08-29', '2023-03-29'),
(65, 42, '2022-09-29', '2023-04-06'),
(65, 54, '2021-07-24', '2023-04-24'),
(65, 64, '2022-01-04', '2023-07-06'),
(65, 84, '2021-10-01', '2023-08-02'),
(66, 24, '2021-06-16', '2023-03-09'),
(66, 30, '2022-01-04', '2023-04-23'),
(66, 30, '2022-06-09', '2023-09-20'),
(66, 43, '2021-11-29', '2023-07-08'),
(66, 57, '2021-11-01', '2023-08-20'),
(66, 57, '2022-06-06', '2022-11-20'),
(66, 67, '2022-02-08', '2023-03-12'),
(66, 75, '2022-02-20', '2023-08-18'),
(66, 89, '2022-09-18', '2023-09-29'),
(66, 91, '2021-04-28', '2022-12-31'),
(67, 13, '2021-07-25', '2022-11-16'),
(67, 24, '2022-06-21', '2023-07-01'),
(67, 31, '2021-10-24', '2023-01-22'),
(67, 61, '2022-02-01', '2023-04-17'),
(67, 61, '2022-03-09', '2023-04-07'),
(67, 62, '2022-07-24', '2023-07-19'),
(67, 91, '2022-09-17', '2023-06-29'),
(67, 93, '2022-05-14', '2022-11-24'),
(67, 98, '2022-07-14', '2023-08-14'),
(68, 2, '2021-07-29', '2023-10-18'),
(68, 17, '2022-07-07', '2022-12-21'),
(68, 41, '2021-11-10', '2023-09-08'),
(68, 60, '2021-03-26', '2023-03-17'),
(68, 61, '2022-09-26', '2023-09-06'),
(68, 64, '2022-06-14', '2023-09-21'),
(68, 67, '2022-10-23', '2023-01-24'),
(68, 83, '2022-02-17', '2023-02-22'),
(68, 90, '2021-09-29', '2023-05-20'),
(69, 4, '2021-02-18', '2023-05-13'),
(69, 17, '2022-09-05', '2023-07-16'),
(69, 36, '2021-04-14', '2023-06-21'),
(69, 38, '2021-07-27', '2023-03-09'),
(69, 45, '2022-06-30', '2023-05-09'),
(69, 51, '2022-05-20', '2023-10-07'),
(69, 58, '2022-06-30', '2023-10-17'),
(69, 90, '2022-01-27', '2023-03-21'),
(69, 97, '2021-04-08', '2023-04-20'),
(69, 97, '2022-03-11', '2023-01-29'),
(69, 98, '2021-08-30', '2023-10-17'),
(70, 33, '2022-05-26', '2023-03-06'),
(70, 61, '2022-03-18', '2023-04-13'),
(70, 84, '2022-02-23', '2023-01-29'),
(70, 84, '2022-09-01', '2023-06-05'),
(70, 99, '2021-10-02', '2023-03-30'),
(70, 100, '2021-02-12', '2023-10-12'),
(71, 19, '2022-01-16', '2023-10-08'),
(71, 25, '2022-07-19', '2023-07-30'),
(71, 38, '2022-04-21', '2023-01-17'),
(71, 42, '2021-04-27', '2023-03-17'),
(71, 50, '2021-05-05', '2023-01-01'),
(71, 64, '2021-05-25', '2023-09-24'),
(71, 68, '2022-08-25', '2023-09-06'),
(71, 95, '2022-03-03', '2022-12-10'),
(72, 38, '2022-01-04', '2023-02-25'),
(72, 52, '2021-03-10', '2023-04-08'),
(72, 64, '2022-09-13', '2023-07-31'),
(72, 76, '2021-03-26', '2022-12-24'),
(72, 79, '2022-05-31', '2023-03-24'),
(72, 89, '2022-04-17', '2023-01-15'),
(72, 94, '2022-10-11', '2022-11-24'),
(72, 95, '2021-03-23', '2023-09-02'),
(73, 10, '2021-11-16', '2023-05-27'),
(73, 13, '2022-01-18', '2023-10-10'),
(73, 34, '2021-05-02', '2022-12-14'),
(73, 46, '2022-04-10', '2023-05-20'),
(73, 49, '2022-07-14', '2023-04-23'),
(73, 50, '2022-01-08', '2023-05-19'),
(73, 51, '2022-05-24', '2022-12-14'),
(73, 54, '2021-03-08', '2022-11-01'),
(73, 58, '2021-03-23', '2023-05-10'),
(73, 67, '2021-05-03', '2023-05-31'),
(73, 76, '2022-06-18', '2023-10-19'),
(74, 3, '2022-09-08', '2022-11-26'),
(74, 5, '2021-01-27', '2023-05-07'),
(74, 14, '2022-03-27', '2023-08-28'),
(74, 34, '2021-02-08', '2023-06-01'),
(74, 65, '2021-05-09', '2023-09-13'),
(74, 73, '2022-01-11', '2023-09-09'),
(74, 77, '2021-10-03', '2023-08-18'),
(75, 11, '2022-08-09', '2022-11-03'),
(75, 22, '2021-11-21', '2023-05-05'),
(75, 23, '2022-04-11', '2023-10-23'),
(75, 32, '2022-01-22', '2022-11-29'),
(75, 36, '2021-06-18', '2023-10-11'),
(75, 42, '2022-09-01', '2023-08-01'),
(75, 46, '2021-10-07', '2022-11-11'),
(75, 53, '2021-11-20', '2022-12-14'),
(75, 72, '2022-10-02', '2023-08-10'),
(75, 77, '2021-12-23', '2023-03-16'),
(75, 96, '2021-01-07', '2023-09-17'),
(76, 18, '2022-04-07', '2023-05-14'),
(76, 35, '2022-08-06', '2022-11-21'),
(76, 44, '2021-09-17', '2023-03-06'),
(76, 95, '2022-07-25', '2023-09-05'),
(77, 8, '2021-07-16', '2023-03-29'),
(77, 25, '2021-02-19', '2022-11-03'),
(77, 25, '2022-03-25', '2023-07-11'),
(77, 44, '2022-05-30', '2023-02-20'),
(77, 67, '2021-02-19', '2023-02-15'),
(77, 84, '2021-01-17', '2023-01-23'),
(77, 89, '2021-06-18', '2022-12-15'),
(77, 100, '2022-04-08', '2023-03-12'),
(78, 14, '2021-02-03', '2023-10-13'),
(78, 27, '2021-05-06', '2022-12-11'),
(78, 29, '2021-02-15', '2023-04-22'),
(78, 40, '2021-03-09', '2023-08-22'),
(78, 41, '2021-03-20', '2023-04-21'),
(78, 62, '2021-10-29', '2023-05-10'),
(78, 68, '2021-12-14', '2023-03-13'),
(78, 96, '2022-01-24', '2023-02-09'),
(78, 97, '2021-03-31', '2023-09-25'),
(79, 3, '2022-01-18', '2023-09-28'),
(79, 6, '2022-04-10', '2023-03-17'),
(79, 10, '2022-04-17', '2023-10-21'),
(79, 13, '2021-06-09', '2023-02-23'),
(79, 16, '2021-11-01', '2023-06-03'),
(79, 20, '2022-04-25', '2022-11-13'),
(79, 32, '2021-03-06', '2022-12-29'),
(79, 53, '2021-10-06', '2022-11-07'),
(79, 55, '2021-11-11', '2022-12-13'),
(79, 82, '2022-01-21', '2023-09-26'),
(80, 6, '2022-02-21', '2023-09-07'),
(80, 13, '2022-01-15', '2023-03-18'),
(80, 16, '2022-09-02', '2022-11-15'),
(80, 47, '2022-03-14', '2023-04-30'),
(80, 52, '2021-02-04', '2023-04-24'),
(80, 63, '2022-05-05', '2023-06-16'),
(80, 73, '2021-03-24', '2023-02-26'),
(80, 76, '2021-11-19', '2022-11-29'),
(81, 20, '2022-03-11', '2023-05-24'),
(81, 60, '2021-06-23', '2023-09-23'),
(81, 86, '2021-03-24', '2023-05-22'),
(82, 2, '2021-06-15', '2023-08-19'),
(82, 6, '2022-01-26', '2022-12-04'),
(82, 7, '2021-08-02', '2023-10-08'),
(82, 7, '2021-11-04', '2023-01-19'),
(82, 10, '2021-06-26', '2023-09-02'),
(82, 23, '2022-04-07', '2022-10-28'),
(82, 53, '2021-02-28', '2023-03-16'),
(82, 59, '2021-03-17', '2023-03-13'),
(82, 59, '2021-12-09', '2023-04-22'),
(82, 64, '2021-09-03', '2023-01-27'),
(82, 68, '2022-04-26', '2022-11-23'),
(82, 72, '2021-05-19', '2023-10-05'),
(82, 81, '2022-01-13', '2022-12-25'),
(82, 84, '2021-05-25', '2023-04-15'),
(82, 99, '2022-07-30', '2022-11-28'),
(83, 1, '2021-07-04', '2023-05-26'),
(83, 3, '2021-08-16', '2023-08-28'),
(83, 15, '2021-12-20', '2023-06-25'),
(83, 20, '2022-08-20', '2023-09-27'),
(83, 21, '2021-04-24', '2023-03-14'),
(83, 22, '2022-01-17', '2023-01-21'),
(83, 23, '2021-10-22', '2023-06-08'),
(83, 53, '2021-11-27', '2023-06-21'),
(83, 56, '2021-03-06', '2023-08-17'),
(83, 58, '2021-01-07', '2023-02-10'),
(83, 62, '2021-08-06', '2023-07-18'),
(83, 66, '2022-03-21', '2022-12-01'),
(83, 82, '2021-06-12', '2023-03-01'),
(83, 97, '2021-01-27', '2023-08-13'),
(84, 19, '2022-10-10', '2022-10-31'),
(84, 27, '2021-12-14', '2023-09-30'),
(84, 35, '2021-10-20', '2023-06-19'),
(84, 35, '2022-08-16', '2022-11-01'),
(84, 47, '2022-06-27', '2023-06-18'),
(84, 65, '2022-09-10', '2022-11-26'),
(84, 71, '2022-07-08', '2023-06-07'),
(84, 77, '2021-12-21', '2023-03-20'),
(84, 78, '2021-10-24', '2023-08-12'),
(84, 87, '2021-10-22', '2023-10-02'),
(84, 88, '2022-08-21', '2022-12-07'),
(84, 91, '2022-05-03', '2023-09-13'),
(85, 11, '2021-10-10', '2023-07-01'),
(85, 12, '2021-04-05', '2022-11-24'),
(85, 18, '2022-02-18', '2023-04-18'),
(85, 24, '2021-04-14', '2023-06-21'),
(85, 36, '2022-02-04', '2023-03-11'),
(85, 42, '2021-06-18', '2023-08-19'),
(85, 43, '2021-02-16', '2022-12-04'),
(85, 51, '2022-02-22', '2023-05-06'),
(85, 87, '2022-09-09', '2023-04-27'),
(85, 93, '2021-07-02', '2022-11-26'),
(85, 95, '2021-08-29', '2023-01-07'),
(86, 1, '2021-01-25', '2023-01-16'),
(86, 10, '2021-02-11', '2023-06-09'),
(86, 18, '2021-10-02', '2022-10-26'),
(86, 39, '2021-04-10', '2023-09-05'),
(86, 40, '2021-05-04', '2023-10-04'),
(86, 42, '2022-05-22', '2023-03-18'),
(86, 46, '2021-03-08', '2023-08-21'),
(86, 61, '2022-04-19', '2023-03-17'),
(86, 72, '2021-05-16', '2022-12-11'),
(86, 94, '2021-10-27', '2023-07-04'),
(87, 3, '2022-05-28', '2023-10-22'),
(87, 28, '2021-11-01', '2023-10-08'),
(87, 30, '2022-03-26', '2023-02-01'),
(87, 44, '2022-01-30', '2023-08-08'),
(87, 46, '2022-07-29', '2023-10-21'),
(87, 52, '2021-08-28', '2022-10-29'),
(87, 98, '2022-03-14', '2022-11-29'),
(87, 99, '2021-11-16', '2023-10-21'),
(88, 11, '2022-10-14', '2023-08-15'),
(88, 19, '2021-03-09', '2023-07-03'),
(88, 19, '2022-01-27', '2023-07-16'),
(88, 21, '2021-11-02', '2023-10-04'),
(88, 37, '2021-11-30', '2022-12-01'),
(88, 43, '2021-02-16', '2023-04-01'),
(88, 44, '2022-06-06', '2023-01-07'),
(88, 72, '2021-02-15', '2023-04-08'),
(88, 73, '2021-10-06', '2023-04-04'),
(89, 9, '2021-01-13', '2023-09-01'),
(89, 15, '2021-08-14', '2023-04-10'),
(89, 16, '2021-06-21', '2023-04-12'),
(89, 18, '2022-10-12', '2022-11-30'),
(89, 44, '2021-04-22', '2023-04-22'),
(89, 78, '2022-08-06', '2023-07-20'),
(89, 80, '2022-09-04', '2023-08-11'),
(89, 82, '2022-03-14', '2023-10-04'),
(89, 90, '2021-07-10', '2023-08-01'),
(89, 93, '2021-05-06', '2023-08-07'),
(90, 22, '2022-05-20', '2022-10-28'),
(90, 24, '2022-01-16', '2022-11-06'),
(90, 35, '2021-11-24', '2023-02-15'),
(90, 38, '2022-08-03', '2023-02-05'),
(90, 98, '2022-09-12', '2023-07-14'),
(91, 3, '2021-05-17', '2023-02-13'),
(91, 5, '2021-03-07', '2023-06-25'),
(91, 16, '2021-08-16', '2022-12-15'),
(91, 34, '2021-01-10', '2023-01-13'),
(91, 35, '2022-08-12', '2023-03-28'),
(91, 56, '2022-08-20', '2022-12-30'),
(91, 58, '2021-03-21', '2023-03-29'),
(91, 63, '2022-08-28', '2023-03-15'),
(91, 74, '2022-03-31', '2023-02-06'),
(91, 91, '2022-04-14', '2023-05-01'),
(91, 97, '2022-01-15', '2023-06-22'),
(92, 21, '2022-08-29', '2023-08-05'),
(92, 23, '2022-01-24', '2022-12-22'),
(92, 23, '2022-09-23', '2023-07-11'),
(92, 25, '2022-02-19', '2023-05-02'),
(92, 33, '2021-10-10', '2023-05-01'),
(92, 37, '2021-03-18', '2022-12-04'),
(92, 42, '2021-02-09', '2023-06-01'),
(92, 42, '2022-08-22', '2023-01-18'),
(92, 62, '2022-09-26', '2023-09-30'),
(92, 72, '2021-10-19', '2023-08-20'),
(92, 86, '2021-01-11', '2022-11-26'),
(93, 25, '2021-12-18', '2023-10-05'),
(93, 32, '2021-12-15', '2023-03-04'),
(93, 46, '2021-06-14', '2022-11-15'),
(93, 55, '2022-09-25', '2023-02-09'),
(93, 62, '2022-04-21', '2023-06-27'),
(93, 87, '2021-03-18', '2023-07-08'),
(93, 89, '2022-03-06', '2023-01-15'),
(93, 97, '2021-04-17', '2023-06-23'),
(94, 6, '2021-05-16', '2023-02-03'),
(94, 7, '2022-08-12', '2023-07-09'),
(94, 21, '2021-02-12', '2023-02-11'),
(94, 32, '2022-10-07', '2023-04-18'),
(94, 57, '2022-10-19', '2023-07-26'),
(94, 62, '2021-08-16', '2023-04-19'),
(94, 64, '2022-02-25', '2023-09-10'),
(94, 89, '2021-12-19', '2023-09-15'),
(94, 95, '2022-07-16', '2023-06-26'),
(94, 97, '2022-06-23', '2023-09-03'),
(95, 1, '2021-05-26', '2023-08-27'),
(95, 3, '2022-07-12', '2023-02-21'),
(95, 9, '2021-07-29', '2023-06-16'),
(95, 25, '2021-10-05', '2023-03-31'),
(95, 30, '2021-05-27', '2023-02-01'),
(95, 32, '2021-06-08', '2022-11-17'),
(95, 73, '2021-12-06', '2023-03-18'),
(95, 84, '2022-09-03', '2023-08-10'),
(95, 88, '2021-09-27', '2023-08-04'),
(95, 89, '2022-09-08', '2023-04-04'),
(96, 1, '2021-06-20', '2023-07-06'),
(96, 10, '2021-02-11', '2023-06-16'),
(96, 20, '2021-01-07', '2023-06-04'),
(96, 25, '2022-10-02', '2023-08-09'),
(96, 28, '2021-04-29', '2023-06-17'),
(96, 29, '2022-02-18', '2023-06-23'),
(96, 43, '2021-10-24', '2022-12-08'),
(96, 46, '2021-07-07', '2022-12-12'),
(96, 72, '2021-07-04', '2023-02-26'),
(96, 72, '2021-11-23', '2023-01-02'),
(96, 76, '2022-08-09', '2022-12-21'),
(96, 78, '2021-10-11', '2023-08-09'),
(96, 95, '2021-06-20', '2023-09-11'),
(96, 96, '2021-04-23', '2023-10-09'),
(96, 97, '2022-09-30', '2022-11-17'),
(97, 16, '2022-08-15', '2023-04-22'),
(97, 18, '2022-04-09', '2023-05-16'),
(97, 27, '2021-01-22', '2023-06-29'),
(97, 34, '2021-07-09', '2023-09-27'),
(97, 38, '2021-11-27', '2023-09-13'),
(97, 44, '2022-09-24', '2023-06-19'),
(97, 46, '2022-07-22', '2023-01-23'),
(97, 52, '2022-03-05', '2023-06-23'),
(97, 56, '2021-09-23', '2023-05-14'),
(97, 69, '2022-08-06', '2023-01-30'),
(97, 84, '2021-09-22', '2022-11-14'),
(97, 87, '2021-09-14', '2023-09-02'),
(97, 88, '2021-05-09', '2023-06-07'),
(98, 4, '2022-01-29', '2023-05-11'),
(98, 8, '2022-06-17', '2023-06-18'),
(98, 15, '2021-10-15', '2023-08-23'),
(98, 17, '2022-08-08', '2023-01-17'),
(98, 19, '2022-07-13', '2023-04-24'),
(98, 24, '2022-10-12', '2022-11-04'),
(98, 25, '2022-09-23', '2022-12-27'),
(98, 27, '2022-09-10', '2022-12-07'),
(98, 34, '2022-09-04', '2023-08-06'),
(98, 35, '2021-02-22', '2022-12-24'),
(98, 39, '2022-03-02', '2022-12-22'),
(98, 47, '2021-10-25', '2023-10-17'),
(98, 51, '2021-10-03', '2023-04-09'),
(98, 55, '2022-04-06', '2023-05-16'),
(98, 68, '2021-05-30', '2023-03-13'),
(98, 95, '2021-10-06', '2022-11-28'),
(98, 97, '2021-12-09', '2023-09-11'),
(99, 10, '2021-02-03', '2022-11-06'),
(99, 25, '2022-07-07', '2022-11-23'),
(99, 33, '2022-09-13', '2023-04-11'),
(99, 36, '2022-10-22', '2023-06-11'),
(99, 44, '2022-08-03', '2023-01-26'),
(99, 51, '2022-08-08', '2022-11-04'),
(99, 52, '2021-02-13', '2023-02-24'),
(99, 54, '2021-12-08', '2023-06-01'),
(99, 56, '2022-05-01', '2023-04-29'),
(99, 59, '2021-03-04', '2023-01-29'),
(99, 63, '2022-05-27', '2022-12-05'),
(99, 80, '2021-09-10', '2023-03-25'),
(99, 81, '2022-01-21', '2023-05-12'),
(99, 83, '2022-06-01', '2022-11-30'),
(99, 86, '2022-04-06', '2023-02-26'),
(99, 95, '2022-04-29', '2023-09-25'),
(100, 23, '2022-08-13', '2023-08-07'),
(100, 48, '2022-10-25', '2023-04-12'),
(100, 60, '2022-09-26', '2022-11-19'),
(100, 70, '2021-10-25', '2023-07-24'),
(100, 76, '2021-06-29', '2022-11-13'),
(100, 84, '2021-07-04', '2023-07-05'),
(100, 88, '2021-05-12', '2023-02-19'),
(100, 93, '2021-06-11', '2022-12-20');

-- --------------------------------------------------------

--
-- Estructura de tabla para la tabla `employee`
--

CREATE TABLE `employee` (
  `id` int(11) NOT NULL,
  `firstName` varchar(50) COLLATE utf8_spanish_ci DEFAULT NULL,
  `lastName` varchar(50) COLLATE utf8_spanish_ci DEFAULT NULL,
  `email` varchar(50) COLLATE utf8_spanish_ci DEFAULT NULL,
  `gender` varchar(50) COLLATE utf8_spanish_ci DEFAULT NULL,
  `dateOfBirth` date DEFAULT NULL,
  `idCompany` int(11) DEFAULT NULL,
  `password` varchar(50) COLLATE utf8_spanish_ci DEFAULT NULL,
  `role` varchar(50) COLLATE utf8_spanish_ci DEFAULT NULL
) ENGINE=InnoDB DEFAULT CHARSET=utf8 COLLATE=utf8_spanish_ci;

--
-- Volcado de datos para la tabla `employee`
--

INSERT INTO `employee` (`id`, `firstName`, `lastName`, `email`, `gender`, `dateOfBirth`, `idCompany`, `password`, `role`) VALUES
(1, 'Dore', 'Epdell', 'depdell0@rambler.ru', 'Male', '2023-11-05', 15, 'dore', 'ADMIN'),
(2, 'Laetitia', 'Barford', 'lbarford1@nsw.gov.au', 'Female', '1963-10-23', 16, 'laetitia', 'USER'),
(3, 'Normand', 'Sarath', 'nsarath2@cnn.com', 'Male', '1979-03-28', 100, 'normand', 'USER'),
(4, 'Lib', 'Krolik', 'lkrolik3@admin.ch', 'Female', '1985-08-21', 54, 'lib', 'USER'),
(5, 'Leeanne', 'Hutchison', 'lhutchison4@dell.com', 'Female', '1995-04-01', 63, 'leeanne', 'ADMIN'),
(6, 'Carrol', 'Redferne', 'credferne5@theglobeandmail.com', 'Male', '1940-06-18', 6, 'carrol', 'USER'),
(7, 'Jessee', 'Lethbridge', 'jlethbridge6@trellian.com', 'Bigender', '2000-09-20', 6, 'jessee', 'USER'),
(8, 'Janifer', 'Thaxter', 'jthaxter7@archive.org', 'Female', '1973-08-17', 15, 'janifer', 'USER'),
(9, 'Vladamir', 'Wilcocke', 'vwilcocke8@patch.com', 'Male', '1971-04-29', 46, 'vladamir', 'ADMIN'),
(10, 'Ron', 'Van Hove', 'rvanhove9@kickstarter.com', 'Male', '1988-08-20', 77, 'ron', 'USER'),
(11, 'Guenevere', 'Tench', 'gtencha@scientificamerican.com', 'Female', '1996-05-26', 90, 'guenevere', 'USER'),
(12, 'Marney', 'Rennels', 'mrennelsb@answers.com', 'Female', '1977-11-21', 73, 'marney', 'USER'),
(13, 'Suzann', 'Blackborough', 'sblackboroughc@ning.com', 'Non-binary', '1999-12-20', 35, 'suzann', 'ADMIN'),
(14, 'Karee', 'Balint', 'kbalintd@ca.gov', 'Female', '1994-12-30', 63, 'karee', 'USER'),
(15, 'Hobie', 'Forson', 'hforsone@narod.ru', 'Male', '1969-12-20', 50, 'hobie', 'USER'),
(16, 'Lincoln', 'Hofton', 'lhoftonf@geocities.com', 'Male', '1985-05-16', 48, 'lincoln', 'USER'),
(17, 'Guillema', 'Mc Corley', 'gmccorleyg@usatoday.com', 'Female', '1945-04-15', 21, 'guillema', 'ADMIN'),
(18, 'Fifi', 'Trowle', 'ftrowleh@dion.ne.jp', 'Female', '1990-12-07', 47, '', ''),
(19, 'Baillie', 'Mazzeo', 'bmazzeoi@ocn.ne.jp', 'Male', '1985-01-05', 16, '', ''),
(20, 'Alasteir', 'Kilduff', 'akilduffj@msu.edu', 'Male', '1931-07-04', 73, '', ''),
(21, 'Letizia', 'Moysey', 'lmoyseyk@wufoo.com', 'Female', '1999-03-15', 83, '', ''),
(22, 'Sidonia', 'Brockie', 'sbrockiel@geocities.com', 'Female', '2001-10-13', 34, '', ''),
(23, 'Skip', 'Branson', 'sbransonm@mozilla.com', 'Male', '1945-10-23', 58, '', ''),
(24, 'Mordecai', 'Moretto', 'mmoretton@prlog.org', 'Male', '1980-07-19', 66, '', ''),
(25, 'Aldis', 'Flawn', 'aflawno@earthlink.net', 'Male', '1953-06-26', 10, '', ''),
(26, 'Annabel', 'Bezant', 'abezantp@engadget.com', 'Female', '1970-11-01', 64, '', ''),
(27, 'Hughie', 'Warden', 'hwardenq@dot.gov', 'Male', '1944-01-12', 84, '', ''),
(28, 'Andriette', 'Rojel', 'arojelr@pagesperso-orange.fr', 'Female', '1956-02-22', 19, '', ''),
(29, 'Karlens', 'Monksfield', 'kmonksfields@free.fr', 'Male', '1953-08-03', 17, '', ''),
(30, 'Allina', 'O\'Lagene', 'aolagenet@devhub.com', 'Female', '1963-03-31', 60, '', ''),
(31, 'Godard', 'Toon', 'gtoonu@hc360.com', 'Male', '1974-04-15', 61, '', ''),
(32, 'Rudolph', 'Tilney', 'rtilneyv@tamu.edu', 'Male', '1945-02-12', 53, '', ''),
(33, 'Ivett', 'Keyden', 'ikeydenw@i2i.jp', 'Female', '1998-07-07', 52, '', ''),
(34, 'Thaddus', 'Sharplin', 'tsharplinx@ask.com', 'Male', '1952-02-16', 45, '', ''),
(35, 'Cris', 'Lomen', 'clomeny@umn.edu', 'Male', '1974-05-02', 77, '', ''),
(36, 'Romeo', 'Lowson', 'rlowsonz@cnn.com', 'Male', '2001-01-12', 95, '', ''),
(37, 'Malanie', 'Paternoster', 'mpaternoster10@cmu.edu', 'Female', '1977-10-12', 73, '', ''),
(38, 'Margot', 'Scarrott', 'mscarrott11@symantec.com', 'Female', '1997-09-07', 71, '', ''),
(39, 'Barny', 'Coils', 'bcoils12@canalblog.com', 'Male', '1953-12-26', 49, '', ''),
(40, 'Dorothy', 'Eastope', 'deastope13@cornell.edu', 'Female', '1953-09-13', 89, '', ''),
(41, 'Roobbie', 'Girardini', 'rgirardini14@census.gov', 'Female', '1987-08-23', 82, '', ''),
(42, 'Wilmar', 'Hakking', 'whakking15@cam.ac.uk', 'Male', '1995-11-24', 50, '', ''),
(43, 'Adolphe', 'Lages', 'alages16@patch.com', 'Male', '1990-03-17', 72, '', ''),
(44, 'Clyve', 'Skirrow', 'cskirrow17@usa.gov', 'Genderfluid', '1987-02-12', 98, '', ''),
(45, 'Palm', 'Holleworth', 'pholleworth18@umich.edu', 'Male', '1989-07-15', 70, '', ''),
(46, 'Inna', 'Sowrah', 'isowrah19@japanpost.jp', 'Female', '1973-04-20', 97, '', ''),
(47, 'Gratia', 'Limer', 'glimer1a@mozilla.com', 'Female', '1957-10-08', 32, '', ''),
(48, 'Stormy', 'Pollock', 'spollock1b@hibu.com', 'Female', '1941-03-27', 3, '', ''),
(49, 'Ingaborg', 'Turl', 'iturl1c@comsenz.com', 'Female', '1932-11-22', 13, '', ''),
(50, 'Aliza', 'Bollon', 'abollon1d@nasa.gov', 'Female', '1933-07-27', 21, '', ''),
(51, 'Samara', 'Seymour', 'sseymour1e@mapy.cz', 'Female', '1977-08-03', 91, '', ''),
(52, 'Cammy', 'Bellis', 'cbellis1f@craigslist.org', 'Male', '1939-09-26', 56, '', ''),
(53, 'Tasha', 'Blaise', 'tblaise1g@edublogs.org', 'Genderqueer', '1947-04-05', 39, '', ''),
(54, 'Sayer', 'Row', 'srow1h@joomla.org', 'Male', '1937-12-17', 88, '', ''),
(55, 'Artie', 'Cowin', 'acowin1i@nps.gov', 'Male', '1939-05-09', 90, '', ''),
(56, 'Berty', 'Petraitis', 'bpetraitis1j@go.com', 'Female', '1937-03-12', 62, '', ''),
(57, 'Sean', 'Dodell', 'sdodell1k@cmu.edu', 'Male', '1935-11-28', 72, '', ''),
(58, 'Rodrigo', 'Carmont', 'rcarmont1l@tuttocitta.it', 'Male', '1945-05-14', 53, '', ''),
(59, 'Virgina', 'Folkard', 'vfolkard1m@unesco.org', 'Female', '1997-12-27', 65, '', ''),
(60, 'Pace', 'Tassell', 'ptassell1n@phoca.cz', 'Male', '1976-12-24', 36, '', ''),
(61, 'Modestine', 'Cleary', 'mcleary1o@unicef.org', 'Female', '1963-06-02', 100, '', ''),
(62, 'Randell', 'McCook', 'rmccook1p@360.cn', 'Male', '1935-02-13', 14, '', ''),
(63, 'Ema', 'Sattin', 'esattin1q@mtv.com', 'Female', '1944-07-01', 47, '', ''),
(64, 'Edith', 'Rackley', 'erackley1r@is.gd', 'Non-binary', '1949-05-21', 34, '', ''),
(65, 'Bernadette', 'Forsyth', 'bforsyth1s@livejournal.com', 'Female', '1937-03-12', 22, '', ''),
(66, 'Bondy', 'Pryer', 'bpryer1t@mayoclinic.com', 'Male', '1940-03-31', 68, '', ''),
(67, 'Rice', 'Jahnke', 'rjahnke1u@google.cn', 'Male', '1934-02-12', 28, '', ''),
(68, 'Jacqueline', 'Dearman', 'jdearman1v@youtube.com', 'Female', '1982-08-19', 53, '', ''),
(69, 'Garrard', 'Hobbing', 'ghobbing1w@altervista.org', 'Male', '1981-05-22', 34, '', ''),
(70, 'Joye', 'Wollacott', 'jwollacott1x@clickbank.net', 'Female', '1963-08-02', 22, '', ''),
(71, 'Adams', 'Campo', 'acampo1y@unicef.org', 'Male', '1992-03-08', 94, '', ''),
(72, 'Jillayne', 'Rosario', 'jrosario1z@nature.com', 'Female', '1957-12-05', 11, '', ''),
(73, 'Bancroft', 'Woollin', 'bwoollin20@home.pl', 'Male', '1956-02-09', 50, '', ''),
(74, 'Cal', 'Joskowitz', 'cjoskowitz21@cpanel.net', 'Male', '1988-10-13', 81, '', ''),
(75, 'Malva', 'Matthaus', 'mmatthaus22@cdbaby.com', 'Female', '1988-05-20', 68, '', ''),
(76, 'Elton', 'Mc Coughan', 'emccoughan23@slate.com', 'Male', '1943-05-30', 90, '', ''),
(77, 'Corella', 'Lemerle', 'clemerle24@omniture.com', 'Female', '1985-11-10', 36, '', ''),
(78, 'Garek', 'Turneaux', 'gturneaux25@friendfeed.com', 'Male', '1935-07-11', 72, '', ''),
(79, 'Broderic', 'Madoc-Jones', 'bmadocjones26@rakuten.co.jp', 'Male', '1991-10-10', 65, '', ''),
(80, 'Deane', 'Linning', 'dlinning27@over-blog.com', 'Male', '1933-04-24', 68, '', ''),
(81, 'Coraline', 'Cambell', 'ccambell28@ebay.co.uk', 'Female', '1970-10-09', 76, '', ''),
(82, 'Bethena', 'Cussons', 'bcussons29@addtoany.com', 'Female', '1984-05-04', 12, '', ''),
(83, 'Juan', 'Privost', 'jprivost2a@icio.us', 'Male', '1974-03-12', 88, '', ''),
(84, 'Gregorius', 'Escott', 'gescott2b@123-reg.co.uk', 'Male', '1931-10-06', 91, '', ''),
(85, 'Frederic', 'Savil', 'fsavil2c@army.mil', 'Male', '1942-08-23', 80, '', ''),
(86, 'Alvin', 'Drezzer', 'adrezzer2d@oracle.com', 'Male', '1949-11-25', 98, '', ''),
(87, 'Yolande', 'Rame', 'yrame2e@topsy.com', 'Female', '1986-11-17', 25, '', ''),
(88, 'Benn', 'Balf', 'bbalf2f@seesaa.net', 'Male', '1941-09-11', 46, '', ''),
(89, 'Keslie', 'Tyas', 'ktyas2g@qq.com', 'Female', '1956-05-31', 13, '', ''),
(90, 'Patten', 'Joska', 'pjoska2h@cnbc.com', 'Male', '1991-05-29', 75, '', ''),
(91, 'Towny', 'Marler', 'tmarler2i@deliciousdays.com', 'Male', '1952-04-04', 90, '', ''),
(92, 'Shadow', 'Enston', 'senston2j@php.net', 'Male', '1950-03-19', 100, '', ''),
(93, 'Lew', 'Birchenhead', 'lbirchenhead2k@altervista.org', 'Male', '1992-01-29', 53, '', ''),
(94, 'Libbi', 'Yakushkin', 'lyakushkin2l@ibm.com', 'Female', '1949-04-15', 32, '', ''),
(95, 'Onfroi', 'Scarman', 'oscarman2m@etsy.com', 'Male', '1933-02-02', 46, '', ''),
(96, 'Nicki', 'Siddon', 'nsiddon2n@blogger.com', 'Female', '1997-06-13', 76, '', ''),
(97, 'Kori', 'Ortzen', 'kortzen2o@answers.com', 'Bigender', '1949-08-27', 22, '', ''),
(98, 'Annora', 'Fernez', 'afernez2p@tiny.cc', 'Female', '1999-12-28', 19, '', ''),
(99, 'Oby', 'Moncreiff', 'omoncreiff2q@yahoo.co.jp', 'Male', '1981-10-25', 69, '', ''),
(100, 'Joela', 'Axtonne', 'jaxtonne2r@purevolume.com', 'Female', '1994-09-03', 1, '', ''),
(101, 'Ilsa', 'Balling', 'iballing2s@salon.com', 'Female', '1961-12-14', 96, '', ''),
(102, 'Brett', 'Knowlys', 'bknowlys2t@parallels.com', 'Male', '1972-08-03', 19, '', ''),
(103, 'Hilliary', 'Burkitt', 'hburkitt2u@cnet.com', 'Female', '1947-05-20', 56, '', ''),
(104, 'Anjanette', 'Gisby', 'agisby2v@rakuten.co.jp', 'Agender', '1944-07-24', 43, '', ''),
(105, 'Sonni', 'Alves', 'salves2w@whitehouse.gov', 'Female', '1961-01-04', 64, '', ''),
(106, 'Jedediah', 'Guihen', 'jguihen2x@cpanel.net', 'Male', '2000-04-28', 82, '', ''),
(107, 'Aubine', 'Jindra', 'ajindra2y@xing.com', 'Female', '1958-03-28', 25, '', ''),
(108, 'Chaddie', 'Kopta', 'ckopta2z@so-net.ne.jp', 'Male', '1978-09-07', 48, '', ''),
(109, 'Damaris', 'Mackinder', 'dmackinder30@typepad.com', 'Female', '1996-02-15', 54, '', ''),
(110, 'Dyan', 'Leman', 'dleman31@msn.com', 'Female', '1982-06-19', 71, '', ''),
(111, 'Goldi', 'Tollett', 'gtollett32@fastcompany.com', 'Female', '1945-12-21', 7, '', ''),
(112, 'Theobald', 'McOwen', 'tmcowen33@unicef.org', 'Male', '1993-08-20', 6, '', ''),
(113, 'Reider', 'Gonzalvo', 'rgonzalvo34@smugmug.com', 'Male', '1964-11-22', 31, '', ''),
(114, 'Urbain', 'Wastie', 'uwastie35@amazon.de', 'Male', '1978-05-31', 56, '', ''),
(115, 'Iseabal', 'McSweeney', 'imcsweeney36@plala.or.jp', 'Female', '1962-07-15', 82, '', ''),
(116, 'Darby', 'Scriven', 'dscriven37@cdbaby.com', 'Female', '1966-10-08', 82, '', ''),
(117, 'Karney', 'Bowering', 'kbowering38@cam.ac.uk', 'Male', '1971-10-11', 57, '', ''),
(118, 'Lorens', 'Bernardin', 'lbernardin39@pcworld.com', 'Male', '1985-05-19', 90, '', ''),
(119, 'Stephi', 'Janodet', 'sjanodet3a@sohu.com', 'Female', '1979-12-26', 88, '', ''),
(120, 'Vinnie', 'Karle', 'vkarle3b@flavors.me', 'Male', '1956-02-27', 11, '', ''),
(121, 'Karlotte', 'Bolesworth', 'kbolesworth3c@wiley.com', 'Female', '1951-05-25', 46, '', ''),
(122, 'Eldridge', 'Atkin', 'eatkin3d@tuttocitta.it', 'Male', '1931-09-26', 95, '', ''),
(123, 'Eric', 'Ambrogini', 'eambrogini3e@unblog.fr', 'Male', '1965-06-13', 30, '', ''),
(124, 'Taite', 'Colleton', 'tcolleton3f@nbcnews.com', 'Male', '1938-07-24', 73, '', ''),
(125, 'Friedrick', 'Magne', 'fmagne3g@xinhuanet.com', 'Male', '1969-02-04', 18, '', ''),
(126, 'Felice', 'Korting', 'fkorting3h@angelfire.com', 'Male', '1955-07-04', 100, '', ''),
(127, 'Ashli', 'York', 'ayork3i@miitbeian.gov.cn', 'Female', '1961-06-09', 96, '', ''),
(128, 'Shayla', 'Eble', 'seble3j@phoca.cz', 'Female', '1952-10-02', 13, '', ''),
(129, 'Teddie', 'Ornillos', 'tornillos3k@spotify.com', 'Female', '1932-07-02', 21, '', ''),
(130, 'Stanislaw', 'Clarridge', 'sclarridge3l@shop-pro.jp', 'Male', '2000-07-03', 38, '', ''),
(131, 'Osmond', 'Macenzy', 'omacenzy3m@dyndns.org', 'Male', '1971-07-20', 71, '', ''),
(132, 'Valentine', 'Margeram', 'vmargeram3n@google.co.uk', 'Female', '1988-07-22', 47, '', ''),
(133, 'Yankee', 'Martinie', 'ymartinie3o@printfriendly.com', 'Male', '1989-11-21', 62, '', ''),
(134, 'Arin', 'Coverley', 'acoverley3p@yandex.ru', 'Male', '1992-02-28', 46, '', ''),
(135, 'Debi', 'O\'Day', 'doday3q@ocn.ne.jp', 'Female', '1971-11-16', 33, '', ''),
(136, 'Dacia', 'Florence', 'dflorence3r@newyorker.com', 'Non-binary', '1988-06-02', 94, '', ''),
(137, 'Zarla', 'Rix', 'zrix3s@mysql.com', 'Female', '1950-12-28', 94, '', ''),
(138, 'Cyb', 'Lyal', 'clyal3t@smugmug.com', 'Polygender', '1978-06-30', 89, '', ''),
(139, 'Claiborn', 'Chifney', 'cchifney3u@apple.com', 'Male', '1978-03-25', 76, '', ''),
(140, 'Meaghan', 'Earwicker', 'mearwicker3v@oakley.com', 'Female', '1991-08-22', 61, '', ''),
(141, 'Danita', 'Kivelhan', 'dkivelhan3w@dyndns.org', 'Female', '1963-08-09', 26, '', ''),
(142, 'Lynne', 'Kilroy', 'lkilroy3x@macromedia.com', 'Female', '1979-11-27', 31, '', ''),
(143, 'Cybill', 'Pittford', 'cpittford3y@google.pl', 'Female', '1939-12-01', 92, '', ''),
(144, 'Maddy', 'Denyer', 'mdenyer3z@blogs.com', 'Female', '1966-07-30', 82, '', ''),
(145, 'Billi', 'Leindecker', 'bleindecker40@tmall.com', 'Female', '1970-04-02', 24, '', ''),
(146, 'Gus', 'Tommasi', 'gtommasi41@etsy.com', 'Male', '1984-11-20', 67, '', ''),
(147, 'Lyle', 'Renowden', 'lrenowden42@ibm.com', 'Male', '1968-06-28', 74, '', ''),
(148, 'Talbot', 'McDarmid', 'tmcdarmid43@google.com.br', 'Male', '1958-07-23', 12, '', ''),
(149, 'Ortensia', 'Dincke', 'odincke44@yahoo.com', 'Female', '1975-01-13', 11, '', ''),
(150, 'Lindie', 'Follen', 'lfollen45@chronoengine.com', 'Female', '1987-10-30', 100, '', ''),
(151, 'Kimble', 'Maryott', 'kmaryott46@sphinn.com', 'Male', '1957-07-25', 38, '', ''),
(152, 'Thayne', 'Bricket', 'tbricket47@dailymail.co.uk', 'Agender', '1947-10-09', 51, '', ''),
(153, 'Benyamin', 'Cortez', 'bcortez48@blogtalkradio.com', 'Male', '1954-06-13', 92, '', ''),
(154, 'Elia', 'Scafe', 'escafe49@marketwatch.com', 'Male', '1967-12-01', 1, '', ''),
(155, 'Eadie', 'Murdoch', 'emurdoch4a@independent.co.uk', 'Female', '1968-12-23', 68, '', ''),
(156, 'Elston', 'Harnott', 'eharnott4b@booking.com', 'Male', '1953-08-05', 26, '', ''),
(157, 'Lane', 'Leaburn', 'lleaburn4c@usgs.gov', 'Female', '1954-06-30', 45, '', ''),
(158, 'Daria', 'Blamey', 'dblamey4d@odnoklassniki.ru', 'Female', '1994-08-28', 49, '', ''),
(159, 'Rosanne', 'Polk', 'rpolk4e@utexas.edu', 'Female', '1965-10-20', 47, '', ''),
(160, 'Andy', 'Treske', 'atreske4f@msu.edu', 'Male', '1987-02-22', 65, '', ''),
(161, 'Wakefield', 'Kembley', 'wkembley4g@geocities.jp', 'Male', '1973-11-07', 70, '', ''),
(162, 'Obediah', 'Slimings', 'oslimings4h@soundcloud.com', 'Male', '1935-04-29', 71, '', ''),
(163, 'Haily', 'Davydochkin', 'hdavydochkin4i@mashable.com', 'Female', '1986-06-30', 88, '', ''),
(164, 'Holli', 'Arsey', 'harsey4j@yellowbook.com', 'Female', '1946-05-09', 42, '', ''),
(165, 'Roderick', 'Cussen', 'rcussen4k@scientificamerican.com', 'Male', '1967-09-28', 66, '', ''),
(166, 'Nicolais', 'Shaw', 'nshaw4l@army.mil', 'Male', '1998-07-17', 45, '', ''),
(167, 'Nannette', 'Khomishin', 'nkhomishin4m@mit.edu', 'Female', '1945-04-09', 93, '', ''),
(168, 'Inna', 'Seebert', 'iseebert4n@webnode.com', 'Female', '1983-02-03', 3, '', ''),
(169, 'Boote', 'Bourcq', 'bbourcq4o@bizjournals.com', 'Male', '1949-07-11', 27, '', ''),
(170, 'Dinah', 'Chesshyre', 'dchesshyre4p@addthis.com', 'Female', '1963-11-18', 94, '', ''),
(171, 'Harp', 'Killiner', 'hkilliner4q@google.co.jp', 'Male', '1970-11-14', 82, '', ''),
(172, 'Aurie', 'Espadate', 'aespadate4r@booking.com', 'Female', '1946-07-03', 76, '', ''),
(173, 'Celestia', 'Macconachy', 'cmacconachy4s@nytimes.com', 'Female', '1964-04-29', 98, '', ''),
(174, 'Carolann', 'Catt', 'ccatt4t@cisco.com', 'Female', '1989-05-08', 91, '', ''),
(175, 'Bethany', 'Hanmore', 'bhanmore4u@posterous.com', 'Female', '1965-11-12', 29, '', ''),
(176, 'Padraig', 'Losseljong', 'plosseljong4v@weather.com', 'Male', '1971-10-17', 26, '', ''),
(177, 'Nikolas', 'Sawforde', 'nsawforde4w@netlog.com', 'Male', '1969-08-19', 68, '', ''),
(178, 'Vilhelmina', 'Dashper', 'vdashper4x@addthis.com', 'Female', '1946-06-11', 88, '', ''),
(179, 'Gerrie', 'Izaks', 'gizaks4y@networksolutions.com', 'Female', '1976-06-04', 9, '', ''),
(180, 'Robena', 'Sands', 'rsands4z@desdev.cn', 'Female', '1941-07-15', 7, '', ''),
(181, 'Demetra', 'Tremellan', 'dtremellan50@mozilla.org', 'Female', '1931-05-10', 98, '', ''),
(182, 'Austin', 'Welbeck', 'awelbeck51@baidu.com', 'Genderqueer', '1977-10-24', 87, '', ''),
(183, 'Dayna', 'Callingham', 'dcallingham52@is.gd', 'Female', '1979-09-22', 90, '', ''),
(184, 'Brigida', 'Blackaller', 'bblackaller53@prlog.org', 'Female', '1965-08-01', 21, '', ''),
(185, 'Daisi', 'Stapels', 'dstapels54@amazon.de', 'Female', '1979-12-13', 12, '', ''),
(186, 'Hanson', 'Levicount', 'hlevicount55@technorati.com', 'Male', '1962-02-08', 69, '', ''),
(187, 'Ax', 'Steggles', 'asteggles56@fastcompany.com', 'Male', '1948-10-28', 89, '', ''),
(188, 'Rosalyn', 'Trevena', 'rtrevena57@phpbb.com', 'Female', '1981-03-23', 52, '', ''),
(189, 'Alvis', 'Birchill', 'abirchill58@soundcloud.com', 'Male', '1997-11-06', 23, '', ''),
(190, 'Florri', 'Wood', 'fwood59@umich.edu', 'Female', '1955-08-19', 90, '', ''),
(191, 'Rori', 'Shiel', 'rshiel5a@princeton.edu', 'Female', '1956-03-29', 61, '', ''),
(192, 'Vivienne', 'Jikylls', 'vjikylls5b@webnode.com', 'Female', '1933-05-18', 49, '', ''),
(193, 'Anna-maria', 'Sitlinton', 'asitlinton5c@dot.gov', 'Female', '1956-05-12', 85, '', ''),
(194, 'Engracia', 'Minards', 'eminards5d@artisteer.com', 'Female', '1946-04-23', 100, '', ''),
(195, 'Klemens', 'Aggas', 'kaggas5e@macromedia.com', 'Male', '1937-06-27', 23, '', ''),
(196, 'Avis', 'Serraillier', 'aserraillier5f@businessweek.com', 'Female', '1988-07-13', 49, '', ''),
(197, 'Kearney', 'Prickett', 'kprickett5g@usda.gov', 'Male', '1971-12-17', 66, '', ''),
(198, 'Lou', 'Garvey', 'lgarvey5h@dmoz.org', 'Female', '2001-08-02', 54, '', ''),
(199, 'Jojo', 'Jeratt', 'jjeratt5i@noaa.gov', 'Female', '1964-09-23', 99, '', ''),
(200, 'Ilene', 'Mowlam', 'imowlam5j@stanford.edu', 'Female', '1933-07-12', 5, '', ''),
(201, 'Frasquito', 'Widdows', 'fwiddows5k@webmd.com', 'Male', '1950-02-15', 68, '', ''),
(202, 'Paulie', 'Hawton', 'phawton5l@hud.gov', 'Male', '1963-01-15', 72, '', ''),
(203, 'Wolfgang', 'Russon', 'wrusson5m@ning.com', 'Male', '1936-02-19', 64, '', ''),
(204, 'Mariam', 'Carneck', 'mcarneck5n@utexas.edu', 'Bigender', '1938-04-11', 94, '', ''),
(205, 'Meredeth', 'Lope', 'mlope5o@comcast.net', 'Male', '1995-07-03', 83, '', ''),
(206, 'Erinna', 'Wiz', 'ewiz5p@chron.com', 'Female', '1953-06-15', 90, '', ''),
(207, 'Margaretta', 'Greneham', 'mgreneham5q@eventbrite.com', 'Genderqueer', '1941-11-27', 12, '', ''),
(208, 'Ronny', 'Quade', 'rquade5r@barnesandnoble.com', 'Male', '1936-07-08', 56, '', ''),
(209, 'Thoma', 'Ewington', 'tewington5s@cdc.gov', 'Male', '1998-10-30', 94, '', ''),
(210, 'Dannye', 'Trendle', 'dtrendle5t@google.com.br', 'Female', '1987-12-17', 57, '', ''),
(211, 'Jock', 'Meere', 'jmeere5u@ihg.com', 'Male', '1944-12-27', 79, '', ''),
(212, 'Fredelia', 'Colt', 'fcolt5v@behance.net', 'Female', '1960-12-07', 76, '', ''),
(213, 'Alejandra', 'Yackiminie', 'ayackiminie5w@mozilla.org', 'Female', '1938-09-15', 79, '', ''),
(214, 'Lian', 'Kubin', 'lkubin5x@macromedia.com', 'Female', '1966-10-06', 52, '', ''),
(215, 'Banky', 'Rosenblum', 'brosenblum5y@narod.ru', 'Male', '1985-03-29', 18, '', ''),
(216, 'Renato', 'Sango', 'rsango5z@feedburner.com', 'Male', '1984-02-11', 77, '', ''),
(217, 'Ronald', 'Redihalgh', 'rredihalgh60@rakuten.co.jp', 'Male', '1938-08-22', 62, '', ''),
(218, 'Keslie', 'Whittington', 'kwhittington61@blogspot.com', 'Female', '1965-03-02', 27, '', ''),
(219, 'Drona', 'Duddell', 'dduddell62@dagondesign.com', 'Female', '1934-01-12', 73, '', ''),
(220, 'Igor', 'Faustin', 'ifaustin63@addthis.com', 'Male', '1957-03-01', 14, '', ''),
(221, 'Aurlie', 'Solley', 'asolley64@storify.com', 'Bigender', '1931-07-11', 10, '', ''),
(222, 'Paige', 'McBratney', 'pmcbratney65@google.fr', 'Male', '1934-10-02', 22, '', ''),
(223, 'Paxon', 'Ellicock', 'pellicock66@latimes.com', 'Male', '1950-07-27', 42, '', ''),
(224, 'Everard', 'Kares', 'ekares67@answers.com', 'Agender', '1995-06-26', 12, '', ''),
(225, 'Ruttger', 'Baress', 'rbaress68@mlb.com', 'Male', '1971-09-28', 91, '', ''),
(226, 'Millie', 'Kruschov', 'mkruschov69@github.com', 'Female', '1966-02-23', 27, '', ''),
(227, 'Talyah', 'Spurriar', 'tspurriar6a@php.net', 'Female', '1946-11-21', 83, '', ''),
(228, 'Daniella', 'Logie', 'dlogie6b@bloomberg.com', 'Female', '1971-09-06', 18, '', ''),
(229, 'Bernette', 'Panner', 'bpanner6c@dion.ne.jp', 'Genderqueer', '1976-03-20', 3, '', ''),
(230, 'Glen', 'Flipek', 'gflipek6d@oracle.com', 'Non-binary', '1934-10-26', 48, '', ''),
(231, 'Aurore', 'Fratczak', 'afratczak6e@friendfeed.com', 'Female', '1982-08-14', 58, '', ''),
(232, 'Mano', 'Duferie', 'mduferie6f@exblog.jp', 'Male', '1979-10-20', 95, '', ''),
(233, 'Mehetabel', 'Grenter', 'mgrenter6g@posterous.com', 'Female', '1991-04-15', 50, '', ''),
(234, 'Lotta', 'Worlidge', 'lworlidge6h@fc2.com', 'Female', '1932-02-28', 58, '', ''),
(235, 'Curcio', 'Pibworth', 'cpibworth6i@github.io', 'Genderqueer', '1957-06-11', 51, '', ''),
(236, 'Dane', 'Keeley', 'dkeeley6j@yelp.com', 'Male', '1993-07-27', 62, '', ''),
(237, 'Ruthi', 'Aldham', 'raldham6k@ask.com', 'Female', '1973-03-21', 99, '', ''),
(238, 'Loralee', 'Hearnah', 'lhearnah6l@webmd.com', 'Female', '1940-03-02', 27, '', ''),
(239, 'Henka', 'Tinman', 'htinman6m@bloomberg.com', 'Female', '1936-05-30', 98, '', ''),
(240, 'Mateo', 'Weathers', 'mweathers6n@amazon.de', 'Male', '1943-04-27', 66, '', ''),
(241, 'Valene', 'Edrich', 'vedrich6o@constantcontact.com', 'Female', '1964-04-06', 33, '', ''),
(242, 'Rosalinde', 'Brenston', 'rbrenston6p@guardian.co.uk', 'Female', '1951-07-25', 94, '', ''),
(243, 'Davita', 'Hurton', 'dhurton6q@reference.com', 'Female', '1961-04-21', 63, '', ''),
(244, 'Conway', 'Antonignetti', 'cantonignetti6r@npr.org', 'Male', '1966-03-12', 32, '', ''),
(245, 'Alyosha', 'Upward', 'aupward6s@google.ru', 'Male', '1987-12-08', 87, '', ''),
(246, 'Druci', 'Unwin', 'dunwin6t@dyndns.org', 'Female', '1972-09-29', 38, '', ''),
(247, 'Moria', 'Shedden', 'mshedden6u@shop-pro.jp', 'Female', '1957-01-14', 37, '', ''),
(248, 'Eadmund', 'Langwade', 'elangwade6v@over-blog.com', 'Male', '1993-04-10', 100, '', ''),
(249, 'Rivalee', 'McCloy', 'rmccloy6w@51.la', 'Female', '1950-06-05', 100, '', ''),
(250, 'Henrietta', 'Ortell', 'hortell6x@xinhuanet.com', 'Female', '1953-07-12', 43, '', ''),
(251, 'Herc', 'Nelsen', 'hnelsen6y@smh.com.au', 'Male', '1943-11-15', 50, '', ''),
(252, 'Meade', 'Gildersleaves', 'mgildersleaves6z@biglobe.ne.jp', 'Female', '1996-09-14', 5, '', ''),
(253, 'Liliane', 'Grigs', 'lgrigs70@squidoo.com', 'Female', '1950-03-05', 49, '', ''),
(254, 'Fairleigh', 'Newsome', 'fnewsome71@de.vu', 'Male', '1985-08-25', 69, '', ''),
(255, 'Eduard', 'Kime', 'ekime72@discovery.com', 'Male', '1989-03-26', 17, '', ''),
(256, 'Laureen', 'Leedal', 'lleedal73@sohu.com', 'Female', '1945-04-11', 47, '', ''),
(257, 'Oberon', 'Mucillo', 'omucillo74@nationalgeographic.com', 'Male', '1971-03-27', 78, '', ''),
(258, 'Erda', 'Hebblewhite', 'ehebblewhite75@google.com.au', 'Female', '1951-01-23', 85, '', ''),
(259, 'Annmarie', 'Bree', 'abree76@bbb.org', 'Female', '1998-06-17', 83, '', ''),
(260, 'Dinnie', 'Stockdale', 'dstockdale77@mayoclinic.com', 'Female', '1977-01-23', 86, '', ''),
(261, 'Frankie', 'Gould', 'fgould78@indiatimes.com', 'Female', '1962-08-19', 60, '', ''),
(262, 'Ahmad', 'Schultheiss', 'aschultheiss79@twitter.com', 'Male', '1995-07-06', 58, '', ''),
(263, 'Lorette', 'Monan', 'lmonan7a@umich.edu', 'Female', '1975-08-22', 79, '', ''),
(264, 'Fae', 'Stiegers', 'fstiegers7b@nps.gov', 'Female', '1984-03-26', 40, '', ''),
(265, 'Star', 'Atyea', 'satyea7c@whitehouse.gov', 'Female', '1932-12-19', 13, '', ''),
(266, 'Kayle', 'Pluvier', 'kpluvier7d@sina.com.cn', 'Female', '1974-07-05', 51, '', ''),
(267, 'Leslie', 'Halhead', 'lhalhead7e@mac.com', 'Female', '1949-07-22', 6, '', ''),
(268, 'Ingelbert', 'Maudling', 'imaudling7f@nyu.edu', 'Male', '1979-12-15', 21, '', ''),
(269, 'Nance', 'Rishworth', 'nrishworth7g@tinyurl.com', 'Female', '1947-08-10', 88, '', ''),
(270, 'Sutton', 'Desaur', 'sdesaur7h@smh.com.au', 'Male', '1996-05-19', 56, '', ''),
(271, 'Brooks', 'Loudwell', 'bloudwell7i@github.com', 'Male', '1947-09-15', 82, '', ''),
(272, 'Hildegaard', 'Ewen', 'hewen7j@dot.gov', 'Female', '1935-06-26', 54, '', ''),
(273, 'Giraldo', 'Parbrook', 'gparbrook7k@epa.gov', 'Male', '1995-01-28', 86, '', ''),
(274, 'Judd', 'Maberley', 'jmaberley7l@last.fm', 'Male', '1988-05-03', 42, '', ''),
(275, 'Clayton', 'Stuckey', 'cstuckey7m@eepurl.com', 'Male', '1944-01-13', 54, '', ''),
(276, 'Alleen', 'Sturm', 'asturm7n@ebay.co.uk', 'Female', '1940-03-18', 46, '', ''),
(277, 'Ernst', 'Spadollini', 'espadollini7o@epa.gov', 'Male', '1968-04-08', 44, '', ''),
(278, 'Klement', 'Lorentzen', 'klorentzen7p@alexa.com', 'Male', '1953-07-21', 9, '', ''),
(279, 'Edwin', 'Dorkins', 'edorkins7q@reddit.com', 'Male', '1936-04-02', 45, '', ''),
(280, 'Rafaellle', 'Bonafacino', 'rbonafacino7r@zimbio.com', 'Male', '1933-10-12', 73, '', ''),
(281, 'Colver', 'Oleszczak', 'coleszczak7s@privacy.gov.au', 'Male', '1970-07-02', 51, '', ''),
(282, 'Odey', 'Getcliffe', 'ogetcliffe7t@wunderground.com', 'Genderqueer', '1996-08-05', 7, '', ''),
(283, 'Marcile', 'Ambrodi', 'mambrodi7u@howstuffworks.com', 'Female', '1960-03-22', 80, '', ''),
(284, 'Les', 'Goulthorp', 'lgoulthorp7v@google.it', 'Male', '1963-05-31', 60, '', ''),
(285, 'Gayler', 'Grayer', 'ggrayer7w@springer.com', 'Male', '1982-05-03', 57, '', ''),
(286, 'Sebastien', 'Lethbury', 'slethbury7x@berkeley.edu', 'Male', '1950-08-18', 35, '', ''),
(287, 'Emmalyn', 'Rash', 'erash7y@google.es', 'Female', '1994-07-14', 27, '', ''),
(288, 'Shem', 'Medcraft', 'smedcraft7z@merriam-webster.com', 'Male', '1941-04-08', 60, '', ''),
(289, 'Cathrin', 'Bolletti', 'cbolletti80@toplist.cz', 'Female', '1940-12-31', 29, '', ''),
(290, 'Jerrome', 'Port', 'jport81@liveinternet.ru', 'Male', '1949-08-24', 97, '', ''),
(291, 'Adora', 'Cowap', 'acowap82@purevolume.com', 'Female', '1963-05-20', 10, '', ''),
(292, 'Gale', 'Geary', 'ggeary83@phoca.cz', 'Female', '1963-03-19', 28, '', ''),
(293, 'Dawna', 'de Chastelain', 'ddechastelain84@51.la', 'Female', '1947-12-19', 50, '', ''),
(294, 'Daisey', 'Tilney', 'dtilney85@businessweek.com', 'Female', '1955-04-10', 87, '', ''),
(295, 'Newton', 'Ewles', 'newles86@china.com.cn', 'Male', '1940-02-16', 62, '', ''),
(296, 'Clarisse', 'Trusler', 'ctrusler87@marriott.com', 'Female', '1982-01-28', 30, '', ''),
(297, 'Merry', 'Comer', 'mcomer88@ucoz.ru', 'Female', '1936-09-20', 63, '', ''),
(298, 'Dalli', 'Marton', 'dmarton89@hud.gov', 'Male', '1992-05-10', 49, '', ''),
(299, 'Phyllis', 'Jeannel', 'pjeannel8a@walmart.com', 'Female', '1996-08-25', 16, '', ''),
(300, 'Grata', 'Bunce', 'gbunce8b@lulu.com', 'Female', '1944-10-08', 17, '', ''),
(301, 'Llywellyn', 'Ivanusyev', 'livanusyev8c@tmall.com', 'Male', '1963-09-08', 14, '', ''),
(302, 'Yovonnda', 'Pond', 'ypond8d@xinhuanet.com', 'Female', '1947-04-01', 64, '', ''),
(303, 'De', 'Hubback', 'dhubback8e@over-blog.com', 'Female', '1952-10-09', 5, '', ''),
(304, 'Garwin', 'Bevington', 'gbevington8f@parallels.com', 'Genderfluid', '1942-11-13', 20, '', ''),
(305, 'Holmes', 'Laval', 'hlaval8g@google.ru', 'Male', '1941-09-18', 76, '', ''),
(306, 'Glen', 'Wavell', 'gwavell8h@ameblo.jp', 'Female', '1982-09-18', 30, '', ''),
(307, 'Bert', 'Jura', 'bjura8i@jiathis.com', 'Male', '1952-03-30', 14, '', ''),
(308, 'Walther', 'Nutton', 'wnutton8j@oaic.gov.au', 'Male', '1965-09-07', 44, '', ''),
(309, 'Damon', 'Gilffillan', 'dgilffillan8k@homestead.com', 'Non-binary', '1961-10-15', 42, '', ''),
(310, 'Alaine', 'Karpinski', 'akarpinski8l@xing.com', 'Female', '1951-02-12', 97, '', ''),
(311, 'Basilio', 'Rymer', 'brymer8m@tumblr.com', 'Male', '1955-05-05', 73, '', ''),
(312, 'Leigh', 'Adamczyk', 'ladamczyk8n@hatena.ne.jp', 'Male', '1935-10-29', 67, '', ''),
(313, 'Asa', 'Slimmon', 'aslimmon8o@booking.com', 'Male', '1936-10-04', 97, '', ''),
(314, 'Tripp', 'Geroldini', 'tgeroldini8p@slate.com', 'Male', '1992-10-12', 14, '', ''),
(315, 'Hakeem', 'Caudell', 'hcaudell8q@weibo.com', 'Male', '1974-06-09', 61, '', ''),
(316, 'Katti', 'Fagg', 'kfagg8r@drupal.org', 'Female', '1983-06-06', 65, '', ''),
(317, 'Zelma', 'Tranfield', 'ztranfield8s@uiuc.edu', 'Female', '1971-03-28', 22, '', ''),
(318, 'Austina', 'Millyard', 'amillyard8t@addthis.com', 'Female', '1960-12-28', 9, '', ''),
(319, 'Clari', 'MacGee', 'cmacgee8u@netscape.com', 'Female', '1986-12-15', 9, '', ''),
(320, 'Fayette', 'Iley', 'filey8v@seesaa.net', 'Female', '1992-01-25', 92, '', ''),
(321, 'Irving', 'Faye', 'ifaye8w@php.net', 'Male', '1940-11-03', 73, '', ''),
(322, 'Laurence', 'Yeoland', 'lyeoland8x@dailymotion.com', 'Male', '1985-07-06', 25, '', ''),
(323, 'Leodora', 'Featherstone', 'lfeatherstone8y@spotify.com', 'Female', '1995-11-22', 40, '', ''),
(324, 'Reidar', 'Gaynes', 'rgaynes8z@usda.gov', 'Male', '1993-08-15', 84, '', ''),
(325, 'Andy', 'Ballin', 'aballin90@goo.gl', 'Male', '1952-02-15', 91, '', ''),
(326, 'Anson', 'Hilary', 'ahilary91@jalbum.net', 'Male', '1968-12-14', 36, '', ''),
(327, 'Carolina', 'Trevithick', 'ctrevithick92@loc.gov', 'Female', '1974-05-16', 43, '', ''),
(328, 'Donalt', 'Seckom', 'dseckom93@businesswire.com', 'Male', '1955-11-23', 6, '', ''),
(329, 'Tessi', 'Quinnette', 'tquinnette94@huffingtonpost.com', 'Female', '1988-06-24', 50, '', ''),
(330, 'Shannah', 'Wanklin', 'swanklin95@hostgator.com', 'Female', '1986-02-02', 37, '', ''),
(331, 'Zane', 'Devin', 'zdevin96@sourceforge.net', 'Male', '1942-10-07', 79, '', ''),
(332, 'Mahmud', 'Pont', 'mpont97@walmart.com', 'Male', '1968-11-19', 99, '', ''),
(333, 'Michale', 'Heard', 'mheard98@elegantthemes.com', 'Male', '1977-12-26', 11, '', ''),
(334, 'Anastasia', 'Moxstead', 'amoxstead99@parallels.com', 'Female', '1977-05-20', 89, '', ''),
(335, 'Giovanna', 'McGennis', 'gmcgennis9a@microsoft.com', 'Female', '1938-01-26', 58, '', ''),
(336, 'Giana', 'Poytheras', 'gpoytheras9b@google.ru', 'Female', '1955-09-29', 33, '', ''),
(337, 'Pauly', 'Dineges', 'pdineges9c@histats.com', 'Male', '1993-09-14', 81, '', ''),
(338, 'Vincenz', 'Llewelly', 'vllewelly9d@un.org', 'Male', '1958-03-19', 30, '', ''),
(339, 'Hyman', 'MacCard', 'hmaccard9e@sakura.ne.jp', 'Male', '1953-04-17', 1, '', ''),
(340, 'Matthiew', 'Trevillion', 'mtrevillion9f@youtu.be', 'Male', '1952-05-17', 98, '', ''),
(341, 'Constancy', 'Roads', 'croads9g@studiopress.com', 'Polygender', '1954-08-21', 84, '', ''),
(342, 'Donella', 'De Ambrosis', 'ddeambrosis9h@skype.com', 'Female', '1940-05-03', 1, '', ''),
(343, 'Clifford', 'Luter', 'cluter9i@ezinearticles.com', 'Male', '1989-07-23', 63, '', ''),
(344, 'Marsh', 'Trudgeon', 'mtrudgeon9j@seattletimes.com', 'Genderqueer', '1956-04-01', 21, '', ''),
(345, 'Martino', 'Woolbrook', 'mwoolbrook9k@yolasite.com', 'Male', '1958-03-13', 86, '', ''),
(346, 'Sigfrid', 'McSporon', 'smcsporon9l@histats.com', 'Male', '1936-11-21', 50, '', ''),
(347, 'Jerad', 'Alvar', 'jalvar9m@utexas.edu', 'Male', '1994-02-16', 14, '', ''),
(348, 'Mitchell', 'MacEveley', 'mmaceveley9n@stanford.edu', 'Male', '1972-02-10', 64, '', ''),
(349, 'Zollie', 'Loadsman', 'zloadsman9o@wordpress.org', 'Male', '1986-01-25', 81, '', ''),
(350, 'Jemmy', 'MacNeilage', 'jmacneilage9p@salon.com', 'Female', '1985-08-03', 79, '', ''),
(351, 'Isa', 'Laroze', 'ilaroze9q@mapquest.com', 'Male', '1964-12-03', 75, '', ''),
(352, 'Eleen', 'Tierny', 'etierny9r@ifeng.com', 'Female', '1996-09-24', 35, '', ''),
(353, 'Alexei', 'Willoughey', 'awilloughey9s@ucoz.ru', 'Male', '1994-12-03', 21, '', ''),
(354, 'Constance', 'Threader', 'cthreader9t@multiply.com', 'Agender', '1975-05-26', 48, '', ''),
(355, 'Amata', 'Laviste', 'alaviste9u@google.it', 'Female', '1994-05-12', 91, '', ''),
(356, 'Marley', 'Murty', 'mmurty9v@state.tx.us', 'Female', '2001-03-26', 46, '', ''),
(357, 'Denver', 'Phillcock', 'dphillcock9w@linkedin.com', 'Male', '1993-06-21', 36, '', ''),
(358, 'Merilyn', 'Tubbs', 'mtubbs9x@yellowbook.com', 'Female', '1997-11-13', 16, '', ''),
(359, 'Donny', 'Gulley', 'dgulley9y@altervista.org', 'Male', '1965-10-27', 58, '', ''),
(360, 'Kiri', 'Antognozzii', 'kantognozzii9z@nhs.uk', 'Female', '1936-07-05', 88, '', ''),
(361, 'Katalin', 'Bredes', 'kbredesa0@npr.org', 'Female', '2000-06-14', 18, '', ''),
(362, 'Felizio', 'Livingstone', 'flivingstonea1@sciencedirect.com', 'Male', '1974-01-15', 29, '', ''),
(363, 'Rudolfo', 'Lascelles', 'rlascellesa2@telegraph.co.uk', 'Male', '1947-08-20', 55, '', ''),
(364, 'Ernst', 'Cesconi', 'ecesconia3@e-recht24.de', 'Male', '1979-02-21', 90, '', ''),
(365, 'Tripp', 'Kuhle', 'tkuhlea4@scientificamerican.com', 'Male', '1936-05-24', 21, '', ''),
(366, 'Flinn', 'Duerden', 'fduerdena5@forbes.com', 'Male', '1998-02-24', 48, '', ''),
(367, 'Mireille', 'Caseborne', 'mcasebornea6@taobao.com', 'Female', '1982-11-29', 85, '', ''),
(368, 'Myrtia', 'Weagener', 'mweagenera7@scientificamerican.com', 'Female', '1960-11-17', 77, '', ''),
(369, 'Gayleen', 'Catton', 'gcattona8@bizjournals.com', 'Female', '1951-09-25', 45, '', ''),
(370, 'Florida', 'Gaskell', 'fgaskella9@indiegogo.com', 'Female', '1989-07-04', 97, '', ''),
(371, 'Lucky', 'Slateford', 'lslatefordaa@umn.edu', 'Female', '1932-08-12', 81, '', ''),
(372, 'Waite', 'Bullion', 'wbullionab@fotki.com', 'Male', '1947-04-04', 91, '', ''),
(373, 'Emmalyn', 'Le Borgne', 'eleborgneac@yelp.com', 'Female', '1948-01-24', 89, '', ''),
(374, 'Ulrike', 'Stork', 'ustorkad@smh.com.au', 'Female', '2001-06-04', 47, '', ''),
(375, 'Leesa', 'Waddicor', 'lwaddicorae@imgur.com', 'Female', '1994-06-09', 91, '', ''),
(376, 'Curt', 'Cressar', 'ccressaraf@merriam-webster.com', 'Male', '2001-06-08', 10, '', ''),
(377, 'Silvester', 'Rattenberie', 'srattenberieag@washingtonpost.com', 'Male', '1965-10-09', 50, '', ''),
(378, 'Yard', 'Ferreira', 'yferreiraah@desdev.cn', 'Male', '1987-01-27', 68, '', ''),
(379, 'Luisa', 'Cornelius', 'lcorneliusai@furl.net', 'Female', '1933-08-12', 62, '', ''),
(380, 'Kelwin', 'Jagiela', 'kjagielaaj@google.com.hk', 'Male', '1982-03-19', 44, '', ''),
(381, 'Amabelle', 'Dighton', 'adightonak@mediafire.com', 'Female', '1997-02-17', 78, '', ''),
(382, 'Vitia', 'Bertomier', 'vbertomieral@jugem.jp', 'Female', '1947-06-23', 74, '', ''),
(383, 'Madlin', 'Biasetti', 'mbiasettiam@merriam-webster.com', 'Female', '1983-06-28', 72, '', ''),
(384, 'Torie', 'Whatson', 'twhatsonan@telegraph.co.uk', 'Female', '1965-07-27', 7, '', ''),
(385, 'Nicholas', 'Dorricott', 'ndorricottao@wsj.com', 'Male', '1940-06-10', 6, '', ''),
(386, 'Marcelo', 'Pynner', 'mpynnerap@linkedin.com', 'Male', '1985-10-09', 29, '', ''),
(387, 'Heinrick', 'Kindread', 'hkindreadaq@redcross.org', 'Male', '1944-03-03', 25, '', ''),
(388, 'Bunni', 'Borzoni', 'bborzoniar@ucoz.ru', 'Female', '1941-04-17', 90, '', ''),
(389, 'Rinaldo', 'Windebank', 'rwindebankas@nba.com', 'Male', '1983-08-15', 84, '', ''),
(390, 'Kathe', 'Ridder', 'kridderat@merriam-webster.com', 'Female', '1939-12-03', 62, '', ''),
(391, 'Lorrin', 'Dallmann', 'ldallmannau@tuttocitta.it', 'Female', '1933-06-05', 3, '', ''),
(392, 'Ogdan', 'Gwalter', 'ogwalterav@prnewswire.com', 'Male', '1943-04-10', 95, '', ''),
(393, 'Luisa', 'McGreary', 'lmcgrearyaw@diigo.com', 'Genderqueer', '1974-11-29', 39, '', ''),
(394, 'Kinny', 'Allonby', 'kallonbyax@webeden.co.uk', 'Male', '2000-12-14', 89, '', ''),
(395, 'Artus', 'Beedie', 'abeedieay@gizmodo.com', 'Male', '1999-10-15', 80, '', ''),
(396, 'Beryl', 'Illston', 'billstonaz@histats.com', 'Non-binary', '1936-03-07', 65, '', ''),
(397, 'Dalenna', 'Gillino', 'dgillinob0@sciencedaily.com', 'Female', '1951-01-05', 12, '', ''),
(398, 'Ambrosi', 'Vaadeland', 'avaadelandb1@sfgate.com', 'Male', '1952-12-06', 75, '', ''),
(399, 'Raymund', 'Menichillo', 'rmenichillob2@free.fr', 'Male', '1972-06-01', 77, '', ''),
(400, 'Evyn', 'Antognoni', 'eantognonib3@google.ru', 'Male', '1943-04-09', 36, '', ''),
(401, 'Jeannette', 'Coffin', 'jcoffinb4@answers.com', 'Female', '1985-01-01', 8, '', ''),
(402, 'Bronny', 'Ridgedell', 'bridgedellb5@dropbox.com', 'Male', '1984-10-30', 74, '', ''),
(403, 'Roland', 'Jeandot', 'rjeandotb6@simplemachines.org', 'Male', '1949-01-24', 92, '', ''),
(404, 'Rosabel', 'Kiddey', 'rkiddeyb7@cyberchimps.com', 'Female', '1976-10-29', 61, '', ''),
(405, 'Neville', 'Milverton', 'nmilvertonb8@microsoft.com', 'Genderqueer', '1964-07-17', 14, '', ''),
(406, 'Brewer', 'Canham', 'bcanhamb9@51.la', 'Male', '1968-07-13', 75, '', ''),
(407, 'Jeramey', 'Tomaini', 'jtomainiba@hc360.com', 'Male', '1960-04-13', 1, '', ''),
(408, 'Nichole', 'Gutowski', 'ngutowskibb@amazon.de', 'Polygender', '1946-08-05', 82, '', ''),
(409, 'Devi', 'Scorer', 'dscorerbc@patch.com', 'Bigender', '1993-01-18', 7, '', ''),
(410, 'Allistir', 'Blampey', 'ablampeybd@domainmarket.com', 'Male', '1948-08-21', 42, '', ''),
(411, 'El', 'Bampkin', 'ebampkinbe@bloglines.com', 'Male', '1968-07-24', 97, '', ''),
(412, 'Ogden', 'Rodenburg', 'orodenburgbf@squidoo.com', 'Agender', '1973-05-08', 94, '', ''),
(413, 'Margarita', 'Hartshorne', 'mhartshornebg@xing.com', 'Female', '1945-12-26', 86, '', ''),
(414, 'Cass', 'Rowan', 'crowanbh@etsy.com', 'Male', '1937-01-24', 22, '', ''),
(415, 'Elise', 'Filippucci', 'efilippuccibi@abc.net.au', 'Female', '2000-08-08', 77, '', ''),
(416, 'Killy', 'Silcocks', 'ksilcocksbj@washingtonpost.com', 'Male', '1984-02-27', 16, '', ''),
(417, 'Chrisse', 'Pflieger', 'cpfliegerbk@delicious.com', 'Male', '1982-08-28', 57, '', ''),
(418, 'Billi', 'Cargon', 'bcargonbl@umich.edu', 'Female', '1945-07-28', 53, '', ''),
(419, 'Cassandra', 'Hearthfield', 'chearthfieldbm@livejournal.com', 'Female', '1971-11-18', 79, '', ''),
(420, 'Huey', 'Portman', 'hportmanbn@networksolutions.com', 'Male', '1990-02-10', 51, '', ''),
(421, 'Farand', 'Wallhead', 'fwallheadbo@tinyurl.com', 'Female', '1981-08-07', 28, '', ''),
(422, 'Roseline', 'Lafranconi', 'rlafranconibp@51.la', 'Female', '1978-01-11', 26, '', ''),
(423, 'Ichabod', 'Benedyktowicz', 'ibenedyktowiczbq@dyndns.org', 'Male', '1934-04-21', 78, '', ''),
(424, 'Enrique', 'Cargen', 'ecargenbr@salon.com', 'Male', '1939-09-23', 93, '', ''),
(425, 'Denver', 'Wisby', 'dwisbybs@ask.com', 'Male', '1984-09-18', 78, '', ''),
(426, 'Lanie', 'Mazin', 'lmazinbt@ustream.tv', 'Agender', '1936-02-05', 3, '', ''),
(427, 'Arlie', 'Tumber', 'atumberbu@earthlink.net', 'Female', '1968-03-22', 44, '', ''),
(428, 'Andrej', 'Sheerin', 'asheerinbv@amazon.de', 'Male', '1975-04-23', 39, '', ''),
(429, 'Kim', 'Vasenkov', 'kvasenkovbw@fema.gov', 'Bigender', '1982-07-17', 92, '', ''),
(430, 'Malissia', 'Schultes', 'mschultesbx@usgs.gov', 'Female', '1957-10-04', 52, '', ''),
(431, 'Toma', 'McFarland', 'tmcfarlandby@naver.com', 'Female', '1957-08-19', 30, '', ''),
(432, 'Saunders', 'Hewlings', 'shewlingsbz@clickbank.net', 'Male', '1988-08-05', 91, '', ''),
(433, 'Chevalier', 'Bourgaize', 'cbourgaizec0@hatena.ne.jp', 'Male', '1972-02-01', 2, '', ''),
(434, 'Timi', 'Salerno', 'tsalernoc1@theglobeandmail.com', 'Female', '1977-09-19', 3, '', ''),
(435, 'Wallace', 'Shardlow', 'wshardlowc2@ask.com', 'Male', '1999-05-22', 10, '', ''),
(436, 'Kally', 'McCloughlin', 'kmccloughlinc3@1und1.de', 'Female', '1948-11-17', 68, '', ''),
(437, 'Melisse', 'Husby', 'mhusbyc4@about.com', 'Female', '1972-02-27', 48, '', ''),
(438, 'Rycca', 'Bentham3', 'rbenthamc5@skype.com', 'Polygender', '1997-03-24', 78, '', ''),
(439, 'Heinrik', 'Nelthorp', 'hnelthorpc6@ed.gov', 'Male', '1944-05-09', 9, '', ''),
(440, 'Standford', 'Collister', 'scollisterc7@ft.com', 'Male', '1996-06-26', 58, '', ''),
(441, 'Nettle', 'Matkovic', 'nmatkovicc8@europa.eu', 'Female', '1995-10-01', 88, '', ''),
(442, 'Enoch', 'Ioannou', 'eioannouc9@reddit.com', 'Male', '1965-01-22', 58, '', ''),
(443, 'Merrick', 'Feacham', 'mfeachamca@java.com', 'Male', '1933-03-30', 45, '', ''),
(444, 'Abdul', 'Cansdill', 'acansdillcb@mapy.cz', 'Male', '1982-11-12', 73, '', ''),
(445, 'Sibylle', 'Choppin', 'schoppincc@wired.com', 'Female', '1976-09-23', 62, '', ''),
(446, 'Wally', 'Ruddiforth', 'wruddiforthcd@chron.com', 'Male', '1991-12-13', 14, '', ''),
(447, 'Elana', 'D\'Oyly', 'edoylyce@trellian.com', 'Female', '1989-09-10', 96, '', ''),
(448, 'Silvie', 'Malinson', 'smalinsoncf@nydailynews.com', 'Female', '1952-09-18', 12, '', ''),
(449, 'Bradan', 'Kenan', 'bkenancg@adobe.com', 'Male', '1944-06-14', 40, '', ''),
(450, 'Lewie', 'Pound', 'lpoundch@istockphoto.com', 'Male', '1960-01-16', 90, '', ''),
(451, 'Lauree', 'Shelmardine', 'lshelmardineci@senate.gov', 'Female', '1987-09-05', 34, '', ''),
(452, 'Nonie', 'Reede', 'nreedecj@printfriendly.com', 'Female', '1947-07-06', 94, '', ''),
(453, 'Emery', 'Brunning', 'ebrunningck@jimdo.com', 'Male', '1980-04-16', 77, '', ''),
(454, 'Rusty', 'Craythorne', 'rcraythornecl@indiatimes.com', 'Male', '1983-06-07', 79, '', ''),
(455, 'Morgen', 'Kenworth', 'mkenworthcm@sun.com', 'Female', '1976-05-13', 86, '', ''),
(456, 'Terrence', 'Behnecke', 'tbehneckecn@comsenz.com', 'Male', '1976-08-18', 35, '', ''),
(457, 'Karyl', 'Peffer', 'kpefferco@timesonline.co.uk', 'Female', '1998-07-16', 24, '', ''),
(458, 'Francisca', 'Fortune', 'ffortunecp@fotki.com', 'Female', '1939-04-09', 39, '', ''),
(459, 'Deborah', 'Thew', 'dthewcq@zimbio.com', 'Female', '1960-12-11', 52, '', ''),
(460, 'Stanfield', 'Wingfield', 'swingfieldcr@engadget.com', 'Non-binary', '1970-02-14', 91, '', ''),
(461, 'Rossie', 'Brushneen', 'rbrushneencs@topsy.com', 'Male', '1993-09-07', 72, '', ''),
(462, 'June', 'Hallward', 'jhallwardct@nbcnews.com', 'Female', '1977-08-21', 95, '', ''),
(463, 'Yule', 'Kelshaw', 'ykelshawcu@dailymotion.com', 'Male', '1958-12-04', 96, '', ''),
(464, 'Merrili', 'Benedikt', 'mbenediktcv@biblegateway.com', 'Female', '1931-01-24', 31, '', ''),
(465, 'Andrus', 'Revance', 'arevancecw@un.org', 'Male', '1957-03-29', 97, '', ''),
(466, 'Wilow', 'Riepl', 'wrieplcx@alibaba.com', 'Female', '1947-07-26', 23, '', ''),
(467, 'Kylila', 'Frankling', 'kfranklingcy@tinyurl.com', 'Female', '1934-09-02', 6, '', ''),
(468, 'Phyllida', 'Ginnaly', 'pginnalycz@multiply.com', 'Female', '1986-01-27', 71, '', ''),
(469, 'Vincents', 'Ashpital', 'vashpitald0@drupal.org', 'Male', '1937-07-08', 36, '', ''),
(470, 'Bail', 'Kluge', 'bkluged1@examiner.com', 'Male', '2001-08-26', 25, '', ''),
(471, 'Dorolice', 'Tice', 'dticed2@chron.com', 'Female', '1969-07-04', 33, '', ''),
(472, 'Grant', 'Mawdsley', 'gmawdsleyd3@wikipedia.org', 'Male', '1995-07-23', 43, '', ''),
(473, 'Clywd', 'BoHlingolsen', 'cbohlingolsend4@jimdo.com', 'Male', '1943-07-17', 71, '', ''),
(474, 'Thekla', 'Edmons', 'tedmonsd5@hostgator.com', 'Female', '1973-10-22', 84, '', ''),
(475, 'Natalina', 'Camilio', 'ncamiliod6@rambler.ru', 'Female', '1977-10-08', 29, '', ''),
(476, 'Antonius', 'Dog', 'adogd7@intel.com', 'Male', '1991-11-11', 40, '', ''),
(477, 'Hayes', 'Di Matteo', 'hdimatteod8@go.com', 'Male', '1935-11-07', 90, '', ''),
(478, 'Didi', 'Cansdell', 'dcansdelld9@paginegialle.it', 'Female', '1940-09-24', 66, '', ''),
(479, 'Roscoe', 'Dechelette', 'rdecheletteda@multiply.com', 'Male', '1951-02-06', 22, '', ''),
(480, 'Thom', 'Warrington', 'twarringtondb@fda.gov', 'Male', '1955-12-11', 20, '', ''),
(481, 'Normie', 'McWilliams', 'nmcwilliamsdc@narod.ru', 'Male', '1965-11-24', 45, '', ''),
(482, 'Nathanial', 'Stratley', 'nstratleydd@yellowpages.com', 'Male', '1961-02-19', 33, '', ''),
(483, 'Chandal', 'Timcke', 'ctimckede@arizona.edu', 'Genderqueer', '1983-12-01', 100, '', ''),
(484, 'Harold', 'Cregin', 'hcregindf@mail.ru', 'Male', '1954-01-30', 1, '', ''),
(485, 'Guenna', 'Beaudry', 'gbeaudrydg@businessweek.com', 'Female', '1951-03-04', 88, '', ''),
(486, 'Wiatt', 'Birley', 'wbirleydh@scientificamerican.com', 'Male', '1976-07-08', 19, '', ''),
(487, 'Hillier', 'Battie', 'hbattiedi@latimes.com', 'Male', '1950-01-15', 32, '', ''),
(488, 'Orlando', 'Eefting', 'oeeftingdj@chronoengine.com', 'Male', '1950-06-11', 30, '', ''),
(489, 'Zonnya', 'Viscovi', 'zviscovidk@is.gd', 'Female', '1943-05-23', 34, '', ''),
(490, 'Vinson', 'Grabbam', 'vgrabbamdl@google.ru', 'Male', '1935-11-26', 41, '', ''),
(491, 'Orazio', 'Bromell', 'obromelldm@jiathis.com', 'Male', '1986-12-29', 33, '', ''),
(492, 'Alphard', 'Rubrow', 'arubrowdn@wikipedia.org', 'Male', '1955-01-13', 93, '', ''),
(493, 'Fay', 'Tourner', 'ftournerdo@bluehost.com', 'Female', '1947-04-18', 95, '', ''),
(494, 'Netta', 'Arnaldo', 'narnaldodp@sun.com', 'Female', '1937-12-04', 60, '', ''),
(495, 'Hervey', 'Garrand', 'hgarranddq@cnbc.com', 'Male', '1965-05-17', 67, '', ''),
(496, 'Zelda', 'Fennick', 'zfennickdr@joomla.org', 'Female', '1940-04-07', 55, '', ''),
(497, 'Jayne', 'Fincham', 'jfinchamds@unc.edu', 'Non-binary', '1999-02-03', 60, '', ''),
(498, 'Concettina', 'Donn', 'cdonndt@surveymonkey.com', 'Bigender', '1961-08-24', 63, '', ''),
(499, 'Truda', 'Danilovitch', 'tdanilovitchdu@who.int', 'Female', '1990-01-22', 50, '', ''),
(500, 'Rudy', 'Cordes', 'rcordesdv@over-blog.com', 'Male', '1932-08-31', 46, '', ''),
(501, 'Anton', 'Everard', 'aeverarddw@foxnews.com', 'Male', '1959-07-14', 76, '', ''),
(502, 'Moshe', 'Djurdjevic', 'mdjurdjevicdx@pagesperso-orange.fr', 'Male', '1951-04-06', 100, '', ''),
(503, 'Odessa', 'Cellone', 'ocellonedy@webeden.co.uk', 'Female', '1973-03-04', 44, '', ''),
(504, 'Caye', 'Hammerich', 'chammerichdz@loc.gov', 'Female', '1962-03-21', 38, '', ''),
(505, 'Elena', 'Pic', 'epice0@e-recht24.de', 'Female', '1950-04-22', 46, '', ''),
(506, 'Heywood', 'Ferron', 'hferrone1@mysql.com', 'Male', '1947-06-08', 62, '', ''),
(507, 'Alexei', 'Garbutt', 'agarbutte2@wordpress.org', 'Male', '1976-01-07', 8, '', ''),
(508, 'Leo', 'Iozefovich', 'liozefoviche3@bbb.org', 'Male', '1949-10-16', 89, '', ''),
(509, 'Moritz', 'Baugham', 'mbaughame4@acquirethisname.com', 'Male', '1966-09-17', 34, '', ''),
(510, 'Fancy', 'O\' Markey', 'fomarkeye5@prlog.org', 'Female', '1968-09-23', 83, '', ''),
(511, 'Worthington', 'Spackman', 'wspackmane6@jimdo.com', 'Male', '1970-02-28', 59, '', ''),
(512, 'Madelene', 'O\'Moylan', 'momoylane7@mashable.com', 'Female', '1939-09-03', 29, '', ''),
(513, 'Nike', 'Drinkhall', 'ndrinkhalle8@weather.com', 'Female', '1989-11-12', 20, '', ''),
(514, 'Garrard', 'Backman', 'gbackmane9@ed.gov', 'Male', '1984-11-04', 8, '', ''),
(515, 'Alisa', 'Statton', 'astattonea@pbs.org', 'Female', '1962-12-16', 100, '', ''),
(516, 'Hedy', 'Ingledew', 'hingledeweb@hhs.gov', 'Female', '1961-12-18', 75, '', ''),
(517, 'Shelley', 'Balfour', 'sbalfourec@smh.com.au', 'Male', '1940-04-16', 100, '', ''),
(518, 'Conny', 'Reily', 'creilyed@ucoz.com', 'Male', '1969-12-18', 31, '', ''),
(519, 'Kerrie', 'Moyle', 'kmoyleee@dell.com', 'Female', '1999-04-18', 49, '', ''),
(520, 'Danica', 'Davison', 'ddavisonef@google.com', 'Female', '1971-10-14', 73, '', ''),
(521, 'Faber', 'Lusgdin', 'flusgdineg@jugem.jp', 'Male', '1957-11-08', 47, '', ''),
(522, 'Eugen', 'Sammut', 'esammuteh@blogtalkradio.com', 'Male', '1998-06-22', 76, '', ''),
(523, 'Margaux', 'McGrey', 'mmcgreyei@ask.com', 'Female', '1933-09-03', 12, '', ''),
(524, 'Torry', 'Emerine', 'temerineej@rakuten.co.jp', 'Male', '1940-12-13', 68, '', ''),
(525, 'Bobbie', 'Rocco', 'broccoek@google.pl', 'Male', '1996-12-07', 52, '', ''),
(526, 'Laurie', 'Whitby', 'lwhitbyel@studiopress.com', 'Female', '1992-04-17', 36, '', ''),
(527, 'Gerda', 'Ludlam', 'gludlamem@artisteer.com', 'Female', '1984-02-18', 18, '', ''),
(528, 'Sauveur', 'De Launde', 'sdelaundeen@desdev.cn', 'Male', '1934-01-17', 46, '', ''),
(529, 'Anett', 'Leinster', 'aleinstereo@arstechnica.com', 'Female', '1996-09-30', 100, '', ''),
(530, 'Paxon', 'Rammell', 'prammellep@hugedomains.com', 'Male', '1953-10-06', 71, '', ''),
(531, 'Isidor', 'McGebenay', 'imcgebenayeq@blogspot.com', 'Male', '1942-05-22', 71, '', ''),
(532, 'Sebastien', 'Kernley', 'skernleyer@jiathis.com', 'Male', '1961-11-13', 81, '', ''),
(533, 'Torrance', 'Kennermann', 'tkennermannes@skyrock.com', 'Male', '1978-06-15', 7, '', ''),
(534, 'Bradford', 'Stillman', 'bstillmanet@sfgate.com', 'Genderqueer', '1980-09-29', 43, '', ''),
(535, 'Stanleigh', 'Libreros', 'slibreroseu@dion.ne.jp', 'Male', '1963-04-15', 31, '', ''),
(536, 'Isa', 'Smedley', 'ismedleyev@engadget.com', 'Genderfluid', '1953-02-18', 38, '', ''),
(537, 'Konstantine', 'Tithacott', 'ktithacottew@usda.gov', 'Male', '1985-06-17', 35, '', ''),
(538, 'Orland', 'Maccree', 'omaccreeex@miitbeian.gov.cn', 'Male', '1983-09-25', 23, '', ''),
(539, 'Coletta', 'Ellaway', 'cellawayey@ocn.ne.jp', 'Female', '1962-03-29', 45, '', ''),
(540, 'Avril', 'Lingner', 'alingnerez@reddit.com', 'Female', '1941-03-05', 35, '', ''),
(541, 'Ellissa', 'Castellet', 'ecastelletf0@google.ca', 'Female', '1960-11-17', 74, '', ''),
(542, 'Sawyer', 'Vinick', 'svinickf1@dropbox.com', 'Male', '1978-04-03', 15, '', ''),
(543, 'Geordie', 'Plumridege', 'gplumridegef2@multiply.com', 'Male', '1998-10-05', 23, '', ''),
(544, 'Carson', 'Parkisson', 'cparkissonf3@ca.gov', 'Genderfluid', '1951-03-06', 90, '', ''),
(545, 'Elinore', 'MacLeod', 'emacleodf4@amazon.de', 'Female', '1938-04-14', 48, '', ''),
(546, 'Ezri', 'Jelphs', 'ejelphsf5@sohu.com', 'Genderqueer', '1933-08-01', 11, '', ''),
(547, 'Lemmy', 'Hrachovec', 'lhrachovecf6@washingtonpost.com', 'Male', '1939-05-09', 2, '', ''),
(548, 'Rich', 'Blyth', 'rblythf7@theglobeandmail.com', 'Male', '2000-04-10', 75, '', ''),
(549, 'Eugine', 'Shoreson', 'eshoresonf8@mail.ru', 'Female', '1995-04-13', 80, '', ''),
(550, 'Kyle', 'Oertzen', 'koertzenf9@mac.com', 'Agender', '1955-10-17', 31, '', ''),
(551, 'Dew', 'Silverstone', 'dsilverstonefa@unesco.org', 'Male', '1992-02-27', 81, '', ''),
(552, 'Kendricks', 'Sharpley', 'ksharpleyfb@theguardian.com', 'Male', '1982-10-08', 75, '', ''),
(553, 'Greg', 'Maffia', 'gmaffiafc@eventbrite.com', 'Male', '1972-01-20', 33, '', ''),
(554, 'Ferguson', 'Ruddoch', 'fruddochfd@fotki.com', 'Male', '1961-05-19', 46, '', ''),
(555, 'Luisa', 'Gehringer', 'lgehringerfe@istockphoto.com', 'Female', '1991-02-17', 80, '', ''),
(556, 'Deloris', 'Vine', 'dvineff@hud.gov', 'Female', '1987-09-24', 88, '', ''),
(557, 'Claudianus', 'McKendry', 'cmckendryfg@behance.net', 'Male', '1965-10-22', 3, '', ''),
(558, 'Hermie', 'Mitrikhin', 'hmitrikhinfh@hatena.ne.jp', 'Male', '1938-06-29', 7, '', ''),
(559, 'Esdras', 'Yashanov', 'eyashanovfi@usa.gov', 'Male', '1945-09-11', 21, '', ''),
(560, 'Dilan', 'Glentworth', 'dglentworthfj@lycos.com', 'Male', '1987-02-15', 13, '', ''),
(561, 'Marchall', 'Oulet', 'mouletfk@bizjournals.com', 'Male', '1958-08-25', 42, '', ''),
(562, 'Daphne', 'Wickrath', 'dwickrathfl@tumblr.com', 'Female', '1966-02-06', 63, '', ''),
(563, 'Katrinka', 'Dexter', 'kdexterfm@ameblo.jp', 'Female', '1970-02-20', 26, '', ''),
(564, 'Devan', 'Kelk', 'dkelkfn@japanpost.jp', 'Female', '1948-08-11', 21, '', ''),
(565, 'Erda', 'Josefson', 'ejosefsonfo@feedburner.com', 'Female', '1972-02-09', 95, '', ''),
(566, 'Edythe', 'Holdey', 'eholdeyfp@spotify.com', 'Female', '1998-12-15', 84, '', ''),
(567, 'Farr', 'Le Barre', 'flebarrefq@zdnet.com', 'Male', '1945-05-18', 20, '', ''),
(568, 'Matthieu', 'Catterick', 'mcatterickfr@jugem.jp', 'Male', '1960-06-28', 41, '', ''),
(569, 'Stefa', 'Maddock', 'smaddockfs@indiegogo.com', 'Female', '1935-03-19', 45, '', '');
INSERT INTO `employee` (`id`, `firstName`, `lastName`, `email`, `gender`, `dateOfBirth`, `idCompany`, `password`, `role`) VALUES
(570, 'Joyous', 'Moroney', 'jmoroneyft@tumblr.com', 'Female', '1976-06-04', 20, '', ''),
(571, 'Mata', 'Whittlesey', 'mwhittleseyfu@whitehouse.gov', 'Male', '1942-06-10', 49, '', ''),
(572, 'Willy', 'Rodenburg', 'wrodenburgfv@ebay.co.uk', 'Bigender', '1966-01-18', 2, '', ''),
(573, 'Hoebart', 'Kunze', 'hkunzefw@rakuten.co.jp', 'Male', '2001-07-19', 30, '', ''),
(574, 'Gweneth', 'Sloey', 'gsloeyfx@tripod.com', 'Genderqueer', '1950-01-12', 73, '', ''),
(575, 'Clarey', 'Foad', 'cfoadfy@admin.ch', 'Female', '1996-01-16', 12, '', ''),
(576, 'Leon', 'Popescu', 'lpopescufz@pen.io', 'Polygender', '1984-10-19', 100, '', ''),
(577, 'Preston', 'Gedge', 'pgedgeg0@shareasale.com', 'Male', '1945-07-29', 99, '', ''),
(578, 'Marian', 'Martyntsev', 'mmartyntsevg1@altervista.org', 'Agender', '1960-10-28', 85, '', ''),
(579, 'Guntar', 'Eddisford', 'geddisfordg2@mediafire.com', 'Male', '1967-08-22', 58, '', ''),
(580, 'Alon', 'Syne', 'asyneg3@unicef.org', 'Genderqueer', '1991-01-04', 38, '', ''),
(581, 'Tiffanie', 'O\'Devey', 'todeveyg4@unesco.org', 'Female', '1940-07-31', 87, '', ''),
(582, 'Angie', 'Purdon', 'apurdong5@unc.edu', 'Female', '1987-02-11', 77, '', ''),
(583, 'Keri', 'Officer', 'kofficerg6@ox.ac.uk', 'Female', '1948-10-30', 59, '', ''),
(584, 'Ted', 'Duffan', 'tduffang7@dion.ne.jp', 'Female', '1947-01-22', 96, '', ''),
(585, 'Gilles', 'Dreye', 'gdreyeg8@netvibes.com', 'Male', '1992-01-01', 15, '', ''),
(586, 'Freddi', 'Cicccitti', 'fcicccittig9@weibo.com', 'Female', '1957-09-19', 43, '', ''),
(587, 'Shanon', 'Kinvig', 'skinvigga@skyrock.com', 'Female', '1966-02-11', 54, '', ''),
(588, 'Nertie', 'MacAloren', 'nmacalorengb@kickstarter.com', 'Female', '1977-08-08', 11, '', ''),
(589, 'Benedetta', 'Roft', 'broftgc@smugmug.com', 'Non-binary', '1987-01-07', 71, '', ''),
(590, 'Camella', 'Bourdice', 'cbourdicegd@weibo.com', 'Female', '1942-01-09', 48, '', ''),
(591, 'Hatty', 'Smithin', 'hsmithinge@netlog.com', 'Female', '1934-10-12', 39, '', ''),
(592, 'Noreen', 'Slaney', 'nslaneygf@bigcartel.com', 'Female', '1953-09-09', 56, '', ''),
(593, 'Leah', 'Reubbens', 'lreubbensgg@dedecms.com', 'Female', '1934-11-12', 72, '', ''),
(594, 'Jaine', 'Grave', 'jgravegh@ycombinator.com', 'Female', '1954-09-13', 93, '', ''),
(595, 'Concettina', 'Jacquemot', 'cjacquemotgi@histats.com', 'Female', '1961-05-17', 60, '', ''),
(596, 'Bary', 'Gervaise', 'bgervaisegj@si.edu', 'Male', '1945-01-20', 83, '', ''),
(597, 'Harmonie', 'Boughey', 'hbougheygk@redcross.org', 'Female', '1940-07-17', 57, '', ''),
(598, 'Rubia', 'Zuan', 'rzuangl@smh.com.au', 'Female', '1938-10-03', 24, '', ''),
(599, 'Katrinka', 'Meo', 'kmeogm@rambler.ru', 'Female', '1988-09-10', 74, '', ''),
(600, 'Linn', 'Strother', 'lstrothergn@mac.com', 'Female', '1948-01-21', 17, '', ''),
(601, 'Izabel', 'Tinham', 'itinhamgo@loc.gov', 'Female', '1960-02-27', 100, '', ''),
(602, 'Porty', 'Chanson', 'pchansongp@macromedia.com', 'Male', '1972-04-17', 34, '', ''),
(603, 'Trudi', 'Valois', 'tvaloisgq@nhs.uk', 'Female', '1968-10-26', 46, '', ''),
(604, 'Merrily', 'Adamek', 'madamekgr@independent.co.uk', 'Female', '1931-10-12', 2, '', ''),
(605, 'Simon', 'Reuter', 'sreutergs@mozilla.com', 'Male', '1963-05-17', 73, '', ''),
(606, 'Morley', 'Itzik', 'mitzikgt@naver.com', 'Male', '1939-01-02', 70, '', ''),
(607, 'Robby', 'Weblin', 'rweblingu@blogger.com', 'Agender', '1989-03-07', 67, '', ''),
(608, 'Leonardo', 'Askell', 'laskellgv@guardian.co.uk', 'Male', '1999-07-17', 95, '', ''),
(609, 'Yankee', 'Bramhill', 'ybramhillgw@indiegogo.com', 'Male', '1958-01-21', 79, '', ''),
(610, 'Nicola', 'Ames', 'namesgx@newyorker.com', 'Male', '1966-07-31', 12, '', ''),
(611, 'Stormy', 'Sowray', 'ssowraygy@newsvine.com', 'Female', '1936-06-27', 98, '', ''),
(612, 'Brina', 'Splain', 'bsplaingz@wp.com', 'Female', '1992-07-17', 12, '', ''),
(613, 'Sidonia', 'Darcy', 'sdarcyh0@mail.ru', 'Female', '1981-09-14', 33, '', ''),
(614, 'Mario', 'de\'-Ancy Willis', 'mdeancywillish1@livejournal.com', 'Male', '1949-06-24', 87, '', ''),
(615, 'Christos', 'Chudleigh', 'cchudleighh2@comsenz.com', 'Male', '1933-01-04', 79, '', ''),
(616, 'Franchot', 'Stephenson', 'fstephensonh3@imgur.com', 'Male', '1930-12-26', 73, '', ''),
(617, 'Cal', 'Bellchamber', 'cbellchamberh4@flickr.com', 'Female', '1976-07-05', 9, '', ''),
(618, 'Paten', 'Bennit', 'pbennith5@php.net', 'Male', '1941-08-26', 48, '', ''),
(619, 'Mathew', 'Whimper', 'mwhimperh6@smh.com.au', 'Male', '1987-08-19', 59, '', ''),
(620, 'Merla', 'Oneil', 'moneilh7@is.gd', 'Female', '1936-01-14', 95, '', ''),
(621, 'Washington', 'Doneld', 'wdoneldh8@dion.ne.jp', 'Male', '1973-07-12', 22, '', ''),
(622, 'Alayne', 'Frowen', 'afrowenh9@privacy.gov.au', 'Female', '1956-07-20', 2, '', ''),
(623, 'Wilow', 'Huddy', 'whuddyha@psu.edu', 'Female', '1988-02-09', 44, '', ''),
(624, 'Linnie', 'Chessil', 'lchessilhb@hc360.com', 'Agender', '1942-04-10', 2, '', ''),
(625, 'Mabelle', 'Breadmore', 'mbreadmorehc@dot.gov', 'Female', '1993-07-02', 14, '', ''),
(626, 'Perkin', 'Urch', 'purchhd@illinois.edu', 'Male', '1988-09-28', 7, '', ''),
(627, 'Glendon', 'Heimes', 'gheimeshe@nps.gov', 'Male', '1948-05-18', 77, '', ''),
(628, 'Teddie', 'Ebbitt', 'tebbitthf@noaa.gov', 'Female', '1941-03-03', 81, '', ''),
(629, 'Merrilee', 'Minnis', 'mminnishg@google.es', 'Female', '1935-05-10', 72, '', ''),
(630, 'Heinrik', 'Chaplyn', 'hchaplynhh@vistaprint.com', 'Male', '1973-03-09', 92, '', ''),
(631, 'Cherish', 'Perigoe', 'cperigoehi@artisteer.com', 'Female', '1938-09-18', 28, '', ''),
(632, 'Shepard', 'Lummasana', 'slummasanahj@unblog.fr', 'Male', '1969-04-09', 71, '', ''),
(633, 'Ritchie', 'Gilsthorpe', 'rgilsthorpehk@slideshare.net', 'Male', '1980-04-14', 38, '', ''),
(634, 'Thane', 'Pfertner', 'tpfertnerhl@pcworld.com', 'Male', '1979-03-15', 1, '', ''),
(635, 'Lukas', 'Calltone', 'lcalltonehm@telegraph.co.uk', 'Male', '1977-03-28', 98, '', ''),
(636, 'Simmonds', 'Le Claire', 'sleclairehn@theglobeandmail.com', 'Male', '1968-04-27', 86, '', ''),
(637, 'Errick', 'Sauvain', 'esauvainho@berkeley.edu', 'Male', '1973-02-23', 14, '', ''),
(638, 'Anthea', 'Thome', 'athomehp@stanford.edu', 'Female', '1951-08-08', 14, '', ''),
(639, 'Bibby', 'Fonte', 'bfontehq@opensource.org', 'Female', '1945-02-09', 91, '', ''),
(640, 'Mohandas', 'MacCallister', 'mmaccallisterhr@squarespace.com', 'Male', '1951-04-15', 13, '', ''),
(641, 'Herb', 'Edeson', 'hedesonhs@elpais.com', 'Male', '1959-07-11', 57, '', ''),
(642, 'Elias', 'Antao', 'eantaoht@arstechnica.com', 'Male', '1946-09-07', 50, '', ''),
(643, 'Jaymie', 'Lowensohn', 'jlowensohnhu@wisc.edu', 'Genderqueer', '1962-06-05', 73, '', ''),
(644, 'Milt', 'Jeune', 'mjeunehv@123-reg.co.uk', 'Male', '1954-03-03', 90, '', ''),
(645, 'Veradis', 'Kumar', 'vkumarhw@si.edu', 'Female', '1986-04-28', 92, '', ''),
(646, 'Cort', 'Corson', 'ccorsonhx@prweb.com', 'Male', '1993-09-07', 7, '', ''),
(647, 'Alden', 'Petruskevich', 'apetruskevichhy@msn.com', 'Male', '2000-02-25', 52, '', ''),
(648, 'Donia', 'Drivers', 'ddrivershz@wikispaces.com', 'Female', '1934-11-22', 54, '', ''),
(649, 'Trudy', 'Boriston', 'tboristoni0@ucsd.edu', 'Agender', '1959-06-23', 48, '', ''),
(650, 'Krystle', 'Vinick', 'kvinicki1@unblog.fr', 'Female', '1935-06-30', 47, '', ''),
(651, 'Emylee', 'Roderighi', 'eroderighii2@tumblr.com', 'Female', '1991-12-22', 58, '', ''),
(652, 'Lynnea', 'Drewery', 'ldreweryi3@buzzfeed.com', 'Female', '1957-04-10', 34, '', ''),
(653, 'Boniface', 'Merton', 'bmertoni4@jugem.jp', 'Male', '1943-10-01', 28, '', ''),
(654, 'Harrison', 'Nicely', 'hnicelyi5@dmoz.org', 'Male', '1937-12-07', 39, '', ''),
(655, 'Bancroft', 'Semiras', 'bsemirasi6@reverbnation.com', 'Male', '1999-04-15', 25, '', ''),
(656, 'Launce', 'Gruszka', 'lgruszkai7@boston.com', 'Male', '1957-11-26', 29, '', ''),
(657, 'Torrie', 'Duffield', 'tduffieldi8@yelp.com', 'Genderqueer', '1950-12-23', 1, '', ''),
(658, 'Kipp', 'Fencott', 'kfencotti9@constantcontact.com', 'Male', '1992-06-06', 50, '', ''),
(659, 'Merle', 'Benyon', 'mbenyonia@gravatar.com', 'Female', '1999-07-02', 86, '', ''),
(660, 'Gerianna', 'Farrow', 'gfarrowib@cdc.gov', 'Female', '1948-03-30', 68, '', ''),
(661, 'Drusy', 'Lacroix', 'dlacroixic@hexun.com', 'Female', '1984-05-25', 53, '', ''),
(662, 'Jim', 'Skehan', 'jskehanid@wikimedia.org', 'Male', '1989-01-11', 60, '', ''),
(663, 'Pietro', 'Yitshak', 'pyitshakie@twitpic.com', 'Male', '1937-12-25', 22, '', ''),
(664, 'Joaquin', 'McGlaud', 'jmcglaudif@webmd.com', 'Polygender', '1964-02-29', 18, '', ''),
(665, 'Anatole', 'Blackstone', 'ablackstoneig@ucoz.ru', 'Male', '1972-12-26', 95, '', ''),
(666, 'Justin', 'Myderscough', 'jmyderscoughih@vinaora.com', 'Male', '1992-08-18', 56, '', ''),
(667, 'Jen', 'Laurencot', 'jlaurencotii@apache.org', 'Non-binary', '1938-02-07', 82, '', ''),
(668, 'Amble', 'Shinefield', 'ashinefieldij@unesco.org', 'Male', '1986-08-18', 63, '', ''),
(669, 'Mike', 'Thrush', 'mthrushik@amazon.co.jp', 'Male', '1999-02-05', 41, '', ''),
(670, 'Jana', 'Broszkiewicz', 'jbroszkiewiczil@princeton.edu', 'Female', '1936-06-17', 20, '', ''),
(671, 'Con', 'Heinke', 'cheinkeim@fc2.com', 'Polygender', '1977-11-03', 53, '', ''),
(672, 'Aldwin', 'Goodwill', 'agoodwillin@example.com', 'Genderqueer', '1959-11-01', 70, '', ''),
(673, 'Carson', 'Chaffe', 'cchaffeio@nytimes.com', 'Male', '1945-10-04', 76, '', ''),
(674, 'Ira', 'Scurry', 'iscurryip@photobucket.com', 'Male', '1982-12-17', 67, '', ''),
(675, 'Kyrstin', 'Blei', 'kbleiiq@wikispaces.com', 'Female', '1934-01-07', 37, '', ''),
(676, 'Aubrie', 'Lay', 'alayir@usatoday.com', 'Female', '1987-04-13', 84, '', ''),
(677, 'Quinn', 'Curl', 'qcurlis@whitehouse.gov', 'Female', '1997-07-30', 43, '', ''),
(678, 'Hercule', 'Monks', 'hmonksit@reuters.com', 'Male', '1957-12-02', 58, '', ''),
(679, 'Enrichetta', 'Skynner', 'eskynneriu@hud.gov', 'Female', '1997-03-31', 92, '', ''),
(680, 'Darelle', 'Theodoris', 'dtheodorisiv@ucoz.com', 'Female', '1937-07-31', 69, '', ''),
(681, 'Mitzi', 'Aynscombe', 'maynscombeiw@squidoo.com', 'Female', '1989-08-16', 81, '', ''),
(682, 'Millicent', 'Verheijden', 'mverheijdenix@chronoengine.com', 'Non-binary', '1961-04-11', 30, '', ''),
(683, 'Beverly', 'Ovey', 'boveyiy@artisteer.com', 'Female', '1971-01-28', 85, '', ''),
(684, 'Gratia', 'Eatttok', 'geatttokiz@blog.com', 'Female', '1962-02-27', 41, '', ''),
(685, 'Biddie', 'MacCoveney', 'bmaccoveneyj0@infoseek.co.jp', 'Non-binary', '1974-06-20', 100, '', ''),
(686, 'Friedrich', 'Bushill', 'fbushillj1@google.com', 'Genderfluid', '2001-07-08', 78, '', ''),
(687, 'Jaimie', 'Clulow', 'jclulowj2@google.com.au', 'Male', '1978-07-12', 32, '', ''),
(688, 'Roz', 'Rice', 'rricej3@usatoday.com', 'Female', '1949-03-06', 74, '', ''),
(689, 'Costanza', 'Tabour', 'ctabourj4@webmd.com', 'Polygender', '1962-05-24', 85, '', ''),
(690, 'Yvon', 'Yven', 'yyvenj5@i2i.jp', 'Male', '1956-06-11', 15, '', ''),
(691, 'Latashia', 'Vannoni', 'lvannonij6@mlb.com', 'Female', '1942-05-29', 59, '', ''),
(692, 'Camey', 'Pudner', 'cpudnerj7@artisteer.com', 'Male', '1960-12-15', 45, '', ''),
(693, 'Jennee', 'Ronchi', 'jronchij8@istockphoto.com', 'Female', '1946-01-10', 4, '', ''),
(694, 'Marve', 'Trowsdale', 'mtrowsdalej9@newsvine.com', 'Male', '1997-11-30', 22, '', ''),
(695, 'Ad', 'Iohananof', 'aiohananofja@shinystat.com', 'Male', '1977-07-30', 28, '', ''),
(696, 'Anabel', 'Cayton', 'acaytonjb@ustream.tv', 'Female', '1980-02-02', 96, '', ''),
(697, 'Tate', 'Kenwood', 'tkenwoodjc@hao123.com', 'Male', '1944-09-13', 80, '', ''),
(698, 'Fernandina', 'Waldera', 'fwalderajd@homestead.com', 'Female', '1989-06-12', 43, '', ''),
(699, 'Shanon', 'Colleran', 'scolleranje@hexun.com', 'Female', '1938-10-22', 56, '', ''),
(700, 'Kristofer', 'Duckfield', 'kduckfieldjf@ifeng.com', 'Male', '1941-06-06', 92, '', ''),
(701, 'Emory', 'Beville', 'ebevillejg@craigslist.org', 'Male', '1993-07-23', 80, '', ''),
(702, 'Vernice', 'Onraet', 'vonraetjh@sina.com.cn', 'Female', '2000-01-16', 44, '', ''),
(703, 'Allard', 'Zukierman', 'azukiermanji@ucla.edu', 'Male', '1955-03-07', 53, '', ''),
(704, 'Yolande', 'Giggie', 'ygiggiejj@google.com.hk', 'Female', '1967-11-12', 79, '', ''),
(705, 'Peggy', 'Frowd', 'pfrowdjk@uol.com.br', 'Female', '1941-09-09', 11, '', ''),
(706, 'Niko', 'Jerrim', 'njerrimjl@flavors.me', 'Male', '1936-11-06', 38, '', ''),
(707, 'Luciano', 'Windrum', 'lwindrumjm@upenn.edu', 'Male', '1958-04-30', 39, '', ''),
(708, 'Ebenezer', 'Cuolahan', 'ecuolahanjn@flavors.me', 'Male', '1989-09-14', 42, '', ''),
(709, 'Ed', 'Beavors', 'ebeavorsjo@bloglines.com', 'Male', '1972-02-21', 28, '', ''),
(710, 'Raymond', 'McPeeters', 'rmcpeetersjp@army.mil', 'Male', '1972-10-11', 6, '', ''),
(711, 'Marge', 'Runnicles', 'mrunniclesjq@domainmarket.com', 'Female', '1961-10-09', 84, '', ''),
(712, 'Freeland', 'Donahue', 'fdonahuejr@arizona.edu', 'Male', '1979-11-14', 32, '', ''),
(713, 'Justin', 'Moakes', 'jmoakesjs@springer.com', 'Male', '1935-03-11', 40, '', ''),
(714, 'Rouvin', 'Swepstone', 'rswepstonejt@slate.com', 'Male', '1977-04-01', 48, '', ''),
(715, 'Herbert', 'Overpool', 'hoverpoolju@dailymotion.com', 'Male', '1948-09-20', 68, '', ''),
(716, 'Zak', 'Karys', 'zkarysjv@printfriendly.com', 'Male', '1973-09-25', 31, '', ''),
(717, 'Marrilee', 'Staddon', 'mstaddonjw@apple.com', 'Female', '1945-02-24', 44, '', ''),
(718, 'Thomasin', 'Listone', 'tlistonejx@mail.ru', 'Female', '1987-09-21', 26, '', ''),
(719, 'Sheila-kathryn', 'Arnowitz', 'sarnowitzjy@behance.net', 'Female', '1939-11-28', 86, '', ''),
(720, 'Tymothy', 'Dalling', 'tdallingjz@reverbnation.com', 'Male', '1937-06-03', 87, '', ''),
(721, 'Whitney', 'Ollett', 'wollettk0@blinklist.com', 'Female', '1984-12-17', 40, '', ''),
(722, 'Angelina', 'Verney', 'averneyk1@icq.com', 'Female', '1973-02-24', 39, '', ''),
(723, 'Lester', 'Syme', 'lsymek2@nyu.edu', 'Male', '1990-01-17', 37, '', ''),
(724, 'Trumaine', 'Whales', 'twhalesk3@scribd.com', 'Male', '1938-12-23', 74, '', ''),
(725, 'Didi', 'de Lloyd', 'ddelloydk4@nymag.com', 'Female', '1996-01-04', 61, '', ''),
(726, 'Carson', 'Westmarland', 'cwestmarlandk5@trellian.com', 'Male', '1951-09-09', 100, '', ''),
(727, 'Tani', 'Freezor', 'tfreezork6@fotki.com', 'Female', '1946-04-12', 98, '', ''),
(728, 'Jonis', 'Darrel', 'jdarrelk7@rakuten.co.jp', 'Female', '1961-04-18', 50, '', ''),
(729, 'Sam', 'Banbury', 'sbanburyk8@cbc.ca', 'Male', '1996-08-17', 51, '', ''),
(730, 'Jayme', 'Juppe', 'jjuppek9@plala.or.jp', 'Female', '1947-12-16', 41, '', ''),
(731, 'Prisca', 'Faireclough', 'pfairecloughka@pen.io', 'Female', '1956-03-17', 46, '', ''),
(732, 'Park', 'MacShirie', 'pmacshiriekb@icq.com', 'Male', '1967-05-23', 84, '', ''),
(733, 'Evelyn', 'Studeart', 'estudeartkc@go.com', 'Female', '1985-02-23', 54, '', ''),
(734, 'Cristian', 'Dodimead', 'cdodimeadkd@altervista.org', 'Male', '1971-06-30', 57, '', ''),
(735, 'Klemens', 'Videan', 'kvideanke@dailymail.co.uk', 'Male', '1956-06-30', 75, '', ''),
(736, 'Bertrand', 'Lawdham', 'blawdhamkf@wisc.edu', 'Male', '1966-08-29', 57, '', ''),
(737, 'Melina', 'Garlick', 'mgarlickkg@privacy.gov.au', 'Female', '1963-05-17', 24, '', ''),
(738, 'Oriana', 'Pilipets', 'opilipetskh@tiny.cc', 'Agender', '1950-02-26', 32, '', ''),
(739, 'Sibella', 'Wightman', 'swightmanki@goo.ne.jp', 'Female', '1970-04-05', 70, '', ''),
(740, 'Seumas', 'Tretwell', 'stretwellkj@cyberchimps.com', 'Male', '1945-05-20', 60, '', ''),
(741, 'Filmore', 'Bassick', 'fbassickkk@ycombinator.com', 'Male', '1988-10-30', 46, '', ''),
(742, 'Stafford', 'Pingstone', 'spingstonekl@europa.eu', 'Bigender', '1994-04-10', 58, '', ''),
(743, 'Sella', 'Turmel', 'sturmelkm@networksolutions.com', 'Female', '1984-12-13', 30, '', ''),
(744, 'Webster', 'Gowan', 'wgowankn@miibeian.gov.cn', 'Male', '1962-06-11', 81, '', ''),
(745, 'Lynnet', 'Duligall', 'lduligallko@goodreads.com', 'Female', '1979-10-25', 27, '', ''),
(746, 'Crosby', 'Naerup', 'cnaerupkp@techcrunch.com', 'Male', '1966-03-10', 17, '', ''),
(747, 'Myra', 'Francois', 'mfrancoiskq@canalblog.com', 'Female', '1974-01-27', 97, '', ''),
(748, 'Gottfried', 'Dougan', 'gdougankr@sohu.com', 'Male', '1963-08-06', 33, '', ''),
(749, 'Carmine', 'Binnell', 'cbinnellks@amazon.de', 'Male', '1938-06-12', 44, '', ''),
(750, 'Tatum', 'Putley', 'tputleykt@flickr.com', 'Female', '1996-12-25', 30, '', ''),
(751, 'Scotti', 'Taunton.', 'stauntonku@tumblr.com', 'Male', '1983-12-02', 50, '', ''),
(752, 'Leslie', 'Covil', 'lcovilkv@ustream.tv', 'Male', '2001-04-04', 88, '', ''),
(753, 'Steward', 'Conrad', 'sconradkw@chronoengine.com', 'Male', '1943-07-26', 68, '', ''),
(754, 'Tomi', 'McCumskay', 'tmccumskaykx@merriam-webster.com', 'Female', '1937-07-27', 58, '', ''),
(755, 'Bonnee', 'Kitteridge', 'bkitteridgeky@sitemeter.com', 'Female', '1940-06-24', 79, '', ''),
(756, 'Gerald', 'Tierney', 'gtierneykz@squarespace.com', 'Male', '1945-11-11', 39, '', ''),
(757, 'Hannie', 'Vella', 'hvellal0@reference.com', 'Female', '1970-11-09', 67, '', ''),
(758, 'Abrahan', 'Davers', 'adaversl1@hhs.gov', 'Male', '1964-10-12', 52, '', ''),
(759, 'Jermain', 'Dearlove', 'jdearlovel2@cbc.ca', 'Male', '1962-05-11', 38, '', ''),
(760, 'Babbie', 'Managh', 'bmanaghl3@dyndns.org', 'Female', '1977-02-04', 94, '', ''),
(761, 'Kurtis', 'Marsie', 'kmarsiel4@a8.net', 'Agender', '1985-04-07', 48, '', ''),
(762, 'Marge', 'Locks', 'mlocksl5@springer.com', 'Female', '1995-04-10', 61, '', ''),
(763, 'Norri', 'Scotson', 'nscotsonl6@home.pl', 'Female', '1950-10-13', 18, '', ''),
(764, 'Jordanna', 'Weedon', 'jweedonl7@livejournal.com', 'Female', '1944-10-13', 83, '', ''),
(765, 'Natalina', 'Scholig', 'nscholigl8@wikipedia.org', 'Female', '1998-02-13', 81, '', ''),
(766, 'Tedman', 'Copp', 'tcoppl9@mail.ru', 'Male', '1993-11-23', 27, '', ''),
(767, 'Hedda', 'Junes', 'hjunesla@reference.com', 'Female', '1956-03-10', 45, '', ''),
(768, 'Jacinthe', 'McNirlan', 'jmcnirlanlb@vk.com', 'Female', '1955-10-23', 9, '', ''),
(769, 'Linus', 'Escalero', 'lescalerolc@scientificamerican.com', 'Agender', '1993-08-20', 53, '', ''),
(770, 'Krystle', 'Coppins', 'kcoppinsld@businesswire.com', 'Female', '1987-05-20', 38, '', ''),
(771, 'Hillier', 'Wittleton', 'hwittletonle@shop-pro.jp', 'Male', '1967-06-10', 41, '', ''),
(772, 'Caresse', 'Kocher', 'ckocherlf@theguardian.com', 'Female', '1965-02-03', 38, '', ''),
(773, 'Priscella', 'Prendergast', 'pprendergastlg@tuttocitta.it', 'Female', '1999-10-21', 34, '', ''),
(774, 'Obadiah', 'Collingworth', 'ocollingworthlh@epa.gov', 'Male', '1967-06-22', 98, '', ''),
(775, 'Derick', 'Rainon', 'drainonli@unicef.org', 'Male', '1981-01-28', 12, '', ''),
(776, 'Austin', 'Bauer', 'abauerlj@samsung.com', 'Female', '2000-01-09', 76, '', ''),
(777, 'Katey', 'Cornelisse', 'kcornelisselk@topsy.com', 'Female', '1959-08-10', 14, '', ''),
(778, 'Roxi', 'Rabat', 'rrabatll@europa.eu', 'Female', '1947-09-22', 51, '', ''),
(779, 'Ilysa', 'Wakelin', 'iwakelinlm@fda.gov', 'Female', '2001-04-17', 10, '', ''),
(780, 'Alaine', 'Sherel', 'asherelln@mysql.com', 'Female', '1947-12-07', 34, '', ''),
(781, 'Gradeigh', 'Artiss', 'gartisslo@addthis.com', 'Male', '1964-05-05', 37, '', ''),
(782, 'Lindsay', 'Keneforde', 'lkenefordelp@npr.org', 'Male', '1984-01-29', 93, '', ''),
(783, 'Peder', 'Artrick', 'partricklq@timesonline.co.uk', 'Male', '1983-11-20', 92, '', ''),
(784, 'Janos', 'Haley', 'jhaleylr@wisc.edu', 'Male', '1940-12-29', 23, '', ''),
(785, 'Gwyneth', 'Overpool', 'goverpoolls@nymag.com', 'Female', '1940-12-06', 60, '', ''),
(786, 'Sharleen', 'Meace', 'smeacelt@dmoz.org', 'Female', '1946-06-01', 99, '', ''),
(787, 'Benyamin', 'Drinkel', 'bdrinkellu@deliciousdays.com', 'Male', '1958-08-30', 61, '', ''),
(788, 'Damien', 'Radborne', 'dradbornelv@techcrunch.com', 'Genderqueer', '1947-04-21', 10, '', ''),
(789, 'Travus', 'Crudgington', 'tcrudgingtonlw@washingtonpost.com', 'Male', '1983-02-07', 34, '', ''),
(790, 'Rose', 'Jimmison', 'rjimmisonlx@google.es', 'Female', '1970-06-01', 14, '', ''),
(791, 'Kristofer', 'Woodgate', 'kwoodgately@marketwatch.com', 'Male', '1943-05-01', 35, '', ''),
(792, 'Goober', 'Palay', 'gpalaylz@devhub.com', 'Male', '1969-10-31', 34, '', ''),
(793, 'Bink', 'Copins', 'bcopinsm0@lulu.com', 'Male', '1988-08-07', 81, '', ''),
(794, 'Katrina', 'Purtell', 'kpurtellm1@cafepress.com', 'Female', '1964-10-25', 58, '', ''),
(795, 'Blithe', 'Goudman', 'bgoudmanm2@blinklist.com', 'Female', '1945-09-03', 43, '', ''),
(796, 'Tracie', 'Goldsworthy', 'tgoldsworthym3@nytimes.com', 'Female', '1986-06-08', 14, '', ''),
(797, 'Cristian', 'McLice', 'cmclicem4@theguardian.com', 'Male', '1995-04-11', 91, '', ''),
(798, 'Hildagard', 'Hagley', 'hhagleym5@barnesandnoble.com', 'Female', '1993-10-18', 82, '', ''),
(799, 'Sasha', 'Klee', 'skleem6@globo.com', 'Male', '1958-07-25', 75, '', ''),
(800, 'Darda', 'Forrestor', 'dforrestorm7@loc.gov', 'Female', '1998-12-04', 38, '', ''),
(801, 'Rouvin', 'Gelletly', 'rgelletlym8@moonfruit.com', 'Male', '1979-08-13', 74, '', ''),
(802, 'Caesar', 'Itzhaki', 'citzhakim9@xing.com', 'Male', '1991-01-10', 4, '', ''),
(803, 'Koral', 'Arnoldi', 'karnoldima@csmonitor.com', 'Female', '1961-05-15', 51, '', ''),
(804, 'Lemar', 'Lamball', 'llamballmb@facebook.com', 'Male', '1960-09-05', 19, '', ''),
(805, 'Margery', 'Bolderstone', 'mbolderstonemc@quantcast.com', 'Female', '1955-04-03', 100, '', ''),
(806, 'Harrie', 'Brook', 'hbrookmd@devhub.com', 'Female', '1999-05-16', 41, '', ''),
(807, 'Rhianon', 'Spillett', 'rspillettme@amazon.co.jp', 'Female', '1967-06-05', 32, '', ''),
(808, 'Jeno', 'Cometson', 'jcometsonmf@cdbaby.com', 'Male', '1970-04-06', 84, '', ''),
(809, 'Brian', 'Osgordby', 'bosgordbymg@businessweek.com', 'Male', '1998-01-04', 66, '', ''),
(810, 'Konrad', 'Merredy', 'kmerredymh@domainmarket.com', 'Male', '1992-09-22', 81, '', ''),
(811, 'Nedi', 'Ivanikhin', 'nivanikhinmi@spiegel.de', 'Female', '1952-06-05', 31, '', ''),
(812, 'Ezechiel', 'Pedersen', 'epedersenmj@taobao.com', 'Male', '1996-09-10', 44, '', ''),
(813, 'Sibbie', 'Walsham', 'swalshammk@sakura.ne.jp', 'Female', '1991-12-19', 89, '', ''),
(814, 'Nikita', 'Bjorkan', 'nbjorkanml@thetimes.co.uk', 'Male', '1938-05-15', 6, '', ''),
(815, 'Mord', 'Batistelli', 'mbatistellimm@shutterfly.com', 'Male', '1985-10-23', 85, '', ''),
(816, 'Niki', 'Kalinke', 'nkalinkemn@webmd.com', 'Male', '1982-06-06', 86, '', ''),
(817, 'Cal', 'Gunthorpe', 'cgunthorpemo@bigcartel.com', 'Female', '1955-06-05', 80, '', ''),
(818, 'Audrie', 'Weitzel', 'aweitzelmp@sciencedaily.com', 'Female', '1971-12-11', 36, '', ''),
(819, 'Karel', 'Lukacs', 'klukacsmq@state.tx.us', 'Agender', '1952-06-16', 53, '', ''),
(820, 'Hewie', 'Pardey', 'hpardeymr@w3.org', 'Male', '1976-11-20', 39, '', ''),
(821, 'Hale', 'Banford', 'hbanfordms@weibo.com', 'Male', '1982-11-05', 88, '', ''),
(822, 'Lesli', 'MacKeller', 'lmackellermt@mapquest.com', 'Female', '1940-09-27', 55, '', ''),
(823, 'Sib', 'Storm', 'sstormmu@hhs.gov', 'Female', '1940-07-15', 55, '', ''),
(824, 'Susy', 'Ramiro', 'sramiromv@wikispaces.com', 'Female', '1955-04-07', 47, '', ''),
(825, 'Devan', 'Erington', 'deringtonmw@delicious.com', 'Female', '1951-11-01', 95, '', ''),
(826, 'Thacher', 'Izod', 'tizodmx@g.co', 'Male', '1987-07-22', 99, '', ''),
(827, 'Kizzie', 'Furlong', 'kfurlongmy@nytimes.com', 'Female', '1953-11-30', 76, '', ''),
(828, 'Mavra', 'Ruddiforth', 'mruddiforthmz@tinyurl.com', 'Female', '1983-06-06', 38, '', ''),
(829, 'Johnnie', 'Ovey', 'joveyn0@nba.com', 'Male', '1966-11-18', 28, '', ''),
(830, 'Carlie', 'Millsap', 'cmillsapn1@ycombinator.com', 'Female', '1964-06-15', 62, '', ''),
(831, 'Giffer', 'Delamere', 'gdelameren2@indiegogo.com', 'Male', '1962-11-26', 81, '', ''),
(832, 'Laural', 'Pownall', 'lpownalln3@infoseek.co.jp', 'Female', '2001-08-24', 13, '', ''),
(833, 'Dionis', 'Rafter', 'draftern4@europa.eu', 'Female', '1946-04-14', 31, '', ''),
(834, 'Merrili', 'Denyukhin', 'mdenyukhinn5@newsvine.com', 'Female', '1941-04-17', 68, '', ''),
(835, 'Farr', 'Stanley', 'fstanleyn6@paginegialle.it', 'Male', '1982-09-22', 61, '', ''),
(836, 'Phebe', 'Mandy', 'pmandyn7@upenn.edu', 'Female', '1987-04-11', 71, '', ''),
(837, 'Raddy', 'Prowting', 'rprowtingn8@cam.ac.uk', 'Male', '1980-03-20', 53, '', ''),
(838, 'Alexis', 'Goss', 'agossn9@cloudflare.com', 'Female', '1956-02-14', 88, '', ''),
(839, 'Noelani', 'Hunt', 'nhuntna@goodreads.com', 'Female', '1932-01-26', 32, '', ''),
(840, 'Tawnya', 'Pavek', 'tpaveknb@marriott.com', 'Female', '1963-02-03', 87, '', ''),
(841, 'Brewster', 'Royden', 'broydennc@dailymotion.com', 'Bigender', '1991-02-14', 28, '', ''),
(842, 'Josepha', 'Lovatt', 'jlovattnd@furl.net', 'Polygender', '1933-02-06', 48, '', ''),
(843, 'Henrik', 'Ternouth', 'hternouthne@vistaprint.com', 'Male', '1994-04-09', 14, '', ''),
(844, 'Derrek', 'Brailsford', 'dbrailsfordnf@google.co.jp', 'Male', '1953-12-29', 7, '', ''),
(845, 'Codi', 'Pinar', 'cpinarng@arstechnica.com', 'Male', '1999-08-04', 12, '', ''),
(846, 'Lane', 'Julyan', 'ljulyannh@webmd.com', 'Male', '1991-02-01', 10, '', ''),
(847, 'Renault', 'Bartolacci', 'rbartolaccini@ucoz.ru', 'Male', '1966-03-02', 28, '', ''),
(848, 'Jae', 'Rudeforth', 'jrudeforthnj@desdev.cn', 'Male', '1941-11-04', 37, '', ''),
(849, 'Letty', 'Dutton', 'lduttonnk@storify.com', 'Female', '1971-03-06', 95, '', ''),
(850, 'Mikkel', 'Talboy', 'mtalboynl@sun.com', 'Bigender', '1973-12-22', 52, '', ''),
(851, 'Bo', 'Gudgeon', 'bgudgeonnm@mediafire.com', 'Male', '1969-05-11', 47, '', ''),
(852, 'Atalanta', 'McMyler', 'amcmylernn@netscape.com', 'Female', '1993-05-19', 18, '', ''),
(853, 'Wendall', 'Agate', 'wagateno@va.gov', 'Male', '1943-12-13', 26, '', ''),
(854, 'Matthus', 'Kaysor', 'mkaysornp@bravesites.com', 'Genderqueer', '1989-11-21', 61, '', ''),
(855, 'Pernell', 'Ambrosch', 'pambroschnq@dmoz.org', 'Male', '1953-10-08', 49, '', ''),
(856, 'Thurstan', 'Beckey', 'tbeckeynr@seesaa.net', 'Male', '1959-09-12', 20, '', ''),
(857, 'Ardelia', 'Couronne', 'acouronnens@archive.org', 'Genderfluid', '1950-09-25', 13, '', ''),
(858, 'Quint', 'Aveyard', 'qaveyardnt@netscape.com', 'Male', '1963-04-21', 4, '', ''),
(859, 'Lay', 'Matthew', 'lmatthewnu@economist.com', 'Male', '1955-12-07', 74, '', ''),
(860, 'Merrielle', 'McKew', 'mmckewnv@unblog.fr', 'Female', '1983-02-28', 34, '', ''),
(861, 'Joelly', 'Sutherby', 'jsutherbynw@fda.gov', 'Female', '1975-04-20', 11, '', ''),
(862, 'Bennie', 'Marlow', 'bmarlownx@godaddy.com', 'Male', '1956-11-20', 2, '', ''),
(863, 'Chase', 'Tankin', 'ctankinny@hostgator.com', 'Male', '1964-06-25', 25, '', ''),
(864, 'Dona', 'Gorgen', 'dgorgennz@twitter.com', 'Female', '1968-12-11', 99, '', ''),
(865, 'Aaren', 'Asty', 'aastyo0@msu.edu', 'Genderqueer', '1938-07-03', 42, '', ''),
(866, 'Laurene', 'Frankel', 'lfrankelo1@friendfeed.com', 'Female', '1962-01-23', 82, '', ''),
(867, 'Flossi', 'Climance', 'fclimanceo2@nih.gov', 'Female', '1972-10-29', 16, '', ''),
(868, 'Celie', 'Carmont', 'ccarmonto3@1und1.de', 'Female', '1956-03-31', 34, '', ''),
(869, 'Darelle', 'Librey', 'dlibreyo4@irs.gov', 'Genderfluid', '1998-12-25', 63, '', ''),
(870, 'Erhard', 'Hatherley', 'ehatherleyo5@miitbeian.gov.cn', 'Male', '1978-09-10', 16, '', ''),
(871, 'Ettie', 'Belf', 'ebelfo6@php.net', 'Female', '1953-06-28', 60, '', ''),
(872, 'Odell', 'Filipychev', 'ofilipychevo7@exblog.jp', 'Male', '1961-03-15', 41, '', ''),
(873, 'Marc', 'Emsden', 'memsdeno8@chronoengine.com', 'Genderqueer', '1941-10-25', 100, '', ''),
(874, 'Berthe', 'Walmsley', 'bwalmsleyo9@soundcloud.com', 'Female', '1997-09-24', 71, '', ''),
(875, 'Belita', 'Ruggs', 'bruggsoa@canalblog.com', 'Female', '1980-06-03', 99, '', ''),
(876, 'Tracy', 'Gookey', 'tgookeyob@vinaora.com', 'Female', '1954-03-04', 28, '', ''),
(877, 'Adiana', 'Gwin', 'agwinoc@hud.gov', 'Female', '1986-02-20', 11, '', ''),
(878, 'Torrin', 'Courtese', 'tcourteseod@omniture.com', 'Male', '1982-01-25', 2, '', ''),
(879, 'Ruby', 'Suffield', 'rsuffieldoe@a8.net', 'Male', '1977-06-26', 77, '', ''),
(880, 'Alfred', 'Guillain', 'aguillainof@clickbank.net', 'Male', '1952-08-29', 31, '', ''),
(881, 'Noll', 'McErlaine', 'nmcerlaineog@vk.com', 'Male', '1942-10-07', 65, '', ''),
(882, 'Oralie', 'Troyes', 'otroyesoh@ucoz.ru', 'Female', '1946-02-09', 64, '', ''),
(883, 'Cchaddie', 'Savory', 'csavoryoi@scribd.com', 'Male', '1973-05-02', 66, '', ''),
(884, 'Malvin', 'Glusby', 'mglusbyoj@google.fr', 'Male', '1959-08-08', 44, '', ''),
(885, 'Cooper', 'Seamen', 'cseamenok@dion.ne.jp', 'Male', '1980-12-12', 49, '', ''),
(886, 'Brana', 'Iltchev', 'biltchevol@alexa.com', 'Female', '1970-12-07', 16, '', ''),
(887, 'Jacquelynn', 'Ralfe', 'jralfeom@sakura.ne.jp', 'Female', '1945-10-26', 67, '', ''),
(888, 'Maurise', 'Diggens', 'mdiggenson@webmd.com', 'Non-binary', '1945-02-06', 72, '', ''),
(889, 'Lizabeth', 'Neissen', 'lneissenoo@guardian.co.uk', 'Female', '1944-12-15', 79, '', ''),
(890, 'Griffie', 'Mc Curlye', 'gmccurlyeop@pagesperso-orange.fr', 'Male', '1975-01-15', 65, '', ''),
(891, 'Farley', 'Dightham', 'fdighthamoq@facebook.com', 'Male', '1950-06-22', 52, '', ''),
(892, 'Janos', 'Crossan', 'jcrossanor@illinois.edu', 'Male', '1938-11-21', 65, '', ''),
(893, 'Magdalene', 'Baynes', 'mbaynesos@rediff.com', 'Female', '1938-06-24', 32, '', ''),
(894, 'Marylynne', 'Durning', 'mdurningot@ucoz.com', 'Female', '1932-11-30', 1, '', ''),
(895, 'Bancroft', 'Jachimczak', 'bjachimczakou@constantcontact.com', 'Male', '1938-02-22', 90, '', ''),
(896, 'Shaine', 'Bollin', 'sbollinov@oaic.gov.au', 'Male', '1967-01-31', 51, '', ''),
(897, 'Daune', 'Haire', 'dhaireow@purevolume.com', 'Female', '1943-01-17', 74, '', ''),
(898, 'Randie', 'Jeandin', 'rjeandinox@hc360.com', 'Female', '1954-12-19', 99, '', ''),
(899, 'Lowell', 'Bellringer', 'lbellringeroy@google.com.br', 'Male', '1993-05-10', 45, '', ''),
(900, 'Vaughan', 'Nutten', 'vnuttenoz@marriott.com', 'Male', '1953-12-24', 7, '', ''),
(901, 'Ira', 'Nunnerley', 'inunnerleyp0@timesonline.co.uk', 'Female', '1993-04-20', 67, '', ''),
(902, 'Charyl', 'Barrim', 'cbarrimp1@hubpages.com', 'Female', '1990-02-04', 48, '', ''),
(903, 'Angeline', 'Blacker', 'ablackerp2@who.int', 'Female', '1969-10-19', 31, '', ''),
(904, 'Trista', 'Berryman', 'tberrymanp3@huffingtonpost.com', 'Female', '1984-03-13', 49, '', ''),
(905, 'Rochell', 'Lott', 'rlottp4@elegantthemes.com', 'Female', '1960-11-17', 89, '', ''),
(906, 'Vinny', 'Petasch', 'vpetaschp5@reuters.com', 'Male', '1971-06-13', 54, '', ''),
(907, 'Coretta', 'Fittall', 'cfittallp6@prnewswire.com', 'Female', '1939-04-25', 65, '', ''),
(908, 'Kirstin', 'Negal', 'knegalp7@diigo.com', 'Female', '1938-12-06', 31, '', ''),
(909, 'Renee', 'Nussii', 'rnussiip8@lycos.com', 'Female', '1945-07-04', 10, '', ''),
(910, 'Annabell', 'Olenchikov', 'aolenchikovp9@goodreads.com', 'Female', '1989-11-10', 51, '', ''),
(911, 'Crysta', 'Bartocci', 'cbartoccipa@abc.net.au', 'Female', '1991-05-23', 92, '', ''),
(912, 'Teodoro', 'Banasik', 'tbanasikpb@narod.ru', 'Male', '2001-10-20', 22, '', ''),
(913, 'Demott', 'Di Filippo', 'ddifilippopc@usda.gov', 'Male', '1961-12-13', 55, '', ''),
(914, 'Maje', 'Tessier', 'mtessierpd@com.com', 'Male', '1967-04-02', 9, '', ''),
(915, 'Giacopo', 'Pratley', 'gpratleype@fastcompany.com', 'Male', '1951-02-15', 78, '', ''),
(916, 'Inger', 'Flipek', 'iflipekpf@patch.com', 'Female', '1931-03-13', 34, '', ''),
(917, 'Carson', 'Fishpoole', 'cfishpoolepg@sogou.com', 'Male', '2001-10-11', 1, '', ''),
(918, 'Leicester', 'Ewence', 'lewenceph@moonfruit.com', 'Male', '1946-04-19', 22, '', ''),
(919, 'Lela', 'Shurlock', 'lshurlockpi@webeden.co.uk', 'Female', '1981-05-10', 14, '', ''),
(920, 'Hasty', 'Hanbridge', 'hhanbridgepj@shinystat.com', 'Male', '2000-06-19', 84, '', ''),
(921, 'Norbert', 'Kiebes', 'nkiebespk@behance.net', 'Male', '1954-03-27', 44, '', ''),
(922, 'Pincas', 'Marham', 'pmarhampl@bigcartel.com', 'Male', '2000-02-06', 84, '', ''),
(923, 'Bennett', 'Zavattari', 'bzavattaripm@lulu.com', 'Male', '2001-03-02', 12, '', ''),
(924, 'Stanly', 'McDuall', 'smcduallpn@freewebs.com', 'Male', '1956-04-09', 11, '', ''),
(925, 'Josepha', 'Harmond', 'jharmondpo@smh.com.au', 'Female', '1956-03-10', 32, '', ''),
(926, 'Norbie', 'Leven', 'nlevenpp@bluehost.com', 'Male', '1960-12-20', 77, '', ''),
(927, 'Carey', 'Savil', 'csavilpq@sciencedirect.com', 'Female', '1936-05-14', 88, '', ''),
(928, 'Delinda', 'Sibbering', 'dsibberingpr@live.com', 'Female', '1986-07-29', 19, '', ''),
(929, 'Donaugh', 'Veschi', 'dveschips@t-online.de', 'Male', '1971-06-03', 15, '', ''),
(930, 'Ives', 'Dinkin', 'idinkinpt@whitehouse.gov', 'Male', '1966-04-19', 88, '', ''),
(931, 'Nydia', 'Clogg', 'ncloggpu@fema.gov', 'Female', '1989-08-03', 62, '', ''),
(932, 'Virginia', 'Vahl', 'vvahlpv@alibaba.com', 'Female', '1985-04-28', 72, '', ''),
(933, 'Evered', 'Garner', 'egarnerpw@delicious.com', 'Male', '1999-12-07', 3, '', ''),
(934, 'Sampson', 'Truelove', 'struelovepx@jigsy.com', 'Male', '1955-02-02', 31, '', ''),
(935, 'Normand', 'Cockney', 'ncockneypy@cloudflare.com', 'Male', '1971-02-25', 57, '', ''),
(936, 'Katerine', 'Lambole', 'klambolepz@admin.ch', 'Female', '1932-09-19', 3, '', ''),
(937, 'Huntlee', 'Antognoni', 'hantognoniq0@narod.ru', 'Male', '1971-12-26', 98, '', ''),
(938, 'Jeane', 'Ninnoli', 'jninnoliq1@histats.com', 'Female', '1949-09-09', 85, '', ''),
(939, 'Adan', 'Rubbert', 'arubbertq2@cocolog-nifty.com', 'Male', '1949-08-17', 12, '', ''),
(940, 'Rees', 'Rentoll', 'rrentollq3@wordpress.com', 'Male', '1937-07-09', 8, '', ''),
(941, 'Dagmar', 'Tipens', 'dtipensq4@over-blog.com', 'Female', '1937-01-01', 68, '', ''),
(942, 'Guglielmo', 'Pendered', 'gpenderedq5@dailymail.co.uk', 'Polygender', '1944-06-02', 72, '', ''),
(943, 'Diena', 'Simnell', 'dsimnellq6@desdev.cn', 'Female', '1932-12-15', 44, '', ''),
(944, 'Adrianne', 'Gilvear', 'agilvearq7@phpbb.com', 'Polygender', '1995-02-24', 95, '', ''),
(945, 'Gonzalo', 'Kiendl', 'gkiendlq8@rediff.com', 'Male', '1950-10-27', 28, '', ''),
(946, 'Waverly', 'Salasar', 'wsalasarq9@people.com.cn', 'Male', '1997-08-27', 89, '', ''),
(947, 'Davidde', 'Darrington', 'ddarringtonqa@soundcloud.com', 'Male', '1952-02-09', 91, '', ''),
(948, 'Tucker', 'Freire', 'tfreireqb@gov.uk', 'Bigender', '1963-07-06', 12, '', ''),
(949, 'Cordie', 'Liptrot', 'cliptrotqc@scribd.com', 'Female', '1994-12-16', 14, '', ''),
(950, 'Belia', 'Samwell', 'bsamwellqd@moonfruit.com', 'Female', '1974-08-03', 85, '', ''),
(951, 'Leese', 'Doy', 'ldoyqe@pagesperso-orange.fr', 'Female', '1957-04-18', 9, '', ''),
(952, 'Gianna', 'Barlace', 'gbarlaceqf@chron.com', 'Female', '1955-10-22', 98, '', ''),
(953, 'Erastus', 'Davidovicz', 'edavidoviczqg@dell.com', 'Male', '1984-03-26', 20, '', ''),
(954, 'Waldon', 'Scutter', 'wscutterqh@hhs.gov', 'Male', '1997-10-01', 48, '', ''),
(955, 'Dotti', 'Sharvell', 'dsharvellqi@kickstarter.com', 'Female', '1952-07-04', 56, '', ''),
(956, 'Orsola', 'Eady', 'oeadyqj@wikispaces.com', 'Female', '1954-09-05', 26, '', ''),
(957, 'Udale', 'Hulles', 'uhullesqk@home.pl', 'Male', '1994-06-21', 46, '', ''),
(958, 'Tessi', 'McLeese', 'tmcleeseql@booking.com', 'Female', '1963-03-07', 20, '', ''),
(959, 'Roxi', 'Scholtz', 'rscholtzqm@tiny.cc', 'Female', '1959-09-29', 25, '', ''),
(960, 'Marrilee', 'Grose', 'mgroseqn@edublogs.org', 'Female', '1974-09-02', 1, '', ''),
(961, 'Rosco', 'Shefton', 'rsheftonqo@tiny.cc', 'Male', '1953-12-01', 73, '', ''),
(962, 'Cos', 'Keaysell', 'ckeaysellqp@mlb.com', 'Male', '1991-02-22', 48, '', ''),
(963, 'Roderich', 'Alder', 'ralderqq@vkontakte.ru', 'Male', '1994-06-30', 91, '', ''),
(964, 'Sibylla', 'Thebeau', 'sthebeauqr@cbsnews.com', 'Female', '1951-03-10', 60, '', ''),
(965, 'Filberte', 'Geeraert', 'fgeeraertqs@weather.com', 'Male', '1985-03-26', 13, '', ''),
(966, 'Jenny', 'McGlone', 'jmcgloneqt@e-recht24.de', 'Female', '1997-05-30', 67, '', ''),
(967, 'Linda', 'Mynard', 'lmynardqu@free.fr', 'Female', '1955-05-17', 37, '', ''),
(968, 'Madelyn', 'Drinkhill', 'mdrinkhillqv@spiegel.de', 'Female', '1967-05-09', 49, '', ''),
(969, 'Jeremie', 'Haggarth', 'jhaggarthqw@state.gov', 'Male', '1982-08-26', 2, '', ''),
(970, 'Aeriela', 'Hallam', 'ahallamqx@canalblog.com', 'Female', '1937-10-23', 65, '', ''),
(971, 'Sig', 'Srutton', 'ssruttonqy@comcast.net', 'Male', '1931-03-19', 69, '', ''),
(972, 'Orren', 'Forder', 'oforderqz@vimeo.com', 'Male', '1994-03-18', 27, '', ''),
(973, 'Trace', 'Webben', 'twebbenr0@etsy.com', 'Male', '1962-09-08', 37, '', ''),
(974, 'Zia', 'World', 'zworldr1@google.com.hk', 'Female', '1938-09-20', 31, '', ''),
(975, 'Budd', 'McAlindon', 'bmcalindonr2@gnu.org', 'Male', '1985-12-29', 78, '', ''),
(976, 'Madelle', 'Dennes', 'mdennesr3@admin.ch', 'Female', '1964-01-13', 61, '', ''),
(977, 'Daron', 'Rosenbush', 'drosenbushr4@fema.gov', 'Male', '1984-02-18', 76, '', ''),
(978, 'Marilee', 'Polsin', 'mpolsinr5@ning.com', 'Genderfluid', '1977-01-04', 47, '', ''),
(979, 'Wendell', 'Fairburn', 'wfairburnr6@sourceforge.net', 'Male', '1969-10-02', 9, '', ''),
(980, 'Ellis', 'Noonan', 'enoonanr7@berkeley.edu', 'Genderqueer', '1976-04-20', 9, '', ''),
(981, 'Westleigh', 'Reeders', 'wreedersr8@pen.io', 'Male', '1967-07-07', 44, '', ''),
(982, 'Derk', 'Minghi', 'dminghir9@jimdo.com', 'Male', '1979-01-06', 23, '', ''),
(983, 'Breena', 'Hearnden', 'bhearndenra@google.ca', 'Female', '1975-11-27', 95, '', ''),
(984, 'Trevor', 'Worshall', 'tworshallrb@studiopress.com', 'Male', '1943-08-12', 50, '', ''),
(985, 'Tobin', 'Germon', 'tgermonrc@instagram.com', 'Male', '1943-08-22', 16, '', ''),
(986, 'Thibaud', 'Bruyett', 'tbruyettrd@blogtalkradio.com', 'Male', '1940-05-09', 17, '', ''),
(987, 'Demott', 'Goomes', 'dgoomesre@pinterest.com', 'Male', '1973-09-28', 84, '', ''),
(988, 'Saunder', 'Dadd', 'sdaddrf@mapquest.com', 'Male', '1973-05-15', 2, '', ''),
(989, 'Justine', 'Townes', 'jtownesrg@xing.com', 'Female', '1977-04-19', 28, '', ''),
(990, 'Helene', 'Lawtey', 'hlawteyrh@cyberchimps.com', 'Female', '1994-05-10', 66, '', ''),
(991, 'Geno', 'Smorthit', 'gsmorthitri@homestead.com', 'Male', '1989-03-13', 71, '', ''),
(992, 'Culver', 'Foort', 'cfoortrj@phpbb.com', 'Male', '1942-12-17', 21, '', ''),
(993, 'Aurea', 'Brame', 'abramerk@zdnet.com', 'Female', '1936-03-28', 51, '', ''),
(994, 'Sergio', 'Croyser', 'scroyserrl@pbs.org', 'Male', '1970-09-06', 45, '', ''),
(995, 'Bari', 'Rape', 'braperm@webs.com', 'Female', '1936-12-04', 100, '', ''),
(996, 'Andi', 'Attenburrow', 'aattenburrowrn@ameblo.jp', 'Female', '1952-02-23', 50, '', ''),
(997, 'Lorelei', 'Signorelli', 'lsignorelliro@epa.gov', 'Female', '1942-08-07', 42, '', ''),
(998, 'Yvor', 'Ridewood', 'yridewoodrp@artisteer.com', 'Male', '1960-06-23', 4, '', ''),
(999, 'Sigmund', 'Collumbell', 'scollumbellrq@clickbank.net', 'Male', '1994-06-10', 53, '', ''),
(1000, 'Ludovika', 'Guerra', 'lguerrarr@moonfruit.com', 'Female', '1992-10-24', 99, '', '');

-- --------------------------------------------------------

--
-- Estructura de tabla para la tabla `employeeProject`
--

CREATE TABLE `employeeProject` (
  `idEmployee` int(11) NOT NULL,
  `idProject` int(11) NOT NULL,
  `minutes` int(25) DEFAULT NULL
) ENGINE=InnoDB DEFAULT CHARSET=latin1;

-- --------------------------------------------------------

--
-- Estructura de tabla para la tabla `project`
--

CREATE TABLE `project` (
  `id` int(11) NOT NULL,
  `name` varchar(50) COLLATE utf8_spanish_ci DEFAULT NULL,
  `butget` varchar(50) COLLATE utf8_spanish_ci DEFAULT NULL
) ENGINE=InnoDB DEFAULT CHARSET=utf8 COLLATE=utf8_spanish_ci;

--
-- Volcado de datos para la tabla `project`
--

INSERT INTO `project` (`id`, `name`, `butget`) VALUES
(1, 'Hatity', '€66377,56'),
(2, 'Daltfresh', '€63734,46'),
(3, 'It', '€44903,91'),
(4, 'Duobam', '€43724,31'),
(5, 'Namfix', '€37681,36'),
(6, 'Cardify', '€87885,99'),
(7, 'Biodex', '€56030,58'),
(8, 'Alpha', '€55318,24'),
(9, 'Y-find', '€16998,61'),
(10, 'Cookley', '€30957,43'),
(11, 'Y-Solowarm', '€74328,55'),
(12, 'Holdlamis', '€34904,01'),
(13, 'Kanlam', '€37890,88'),
(14, 'Transcof', '€25493,56'),
(15, 'Cookley', '€63647,60'),
(16, 'Pannier', '€30961,77'),
(17, 'Tempsoft', '€87467,34'),
(18, 'Zaam-Dox', '€19353,22'),
(19, 'It', '€44374,46'),
(20, 'Quo Lux', '€44035,25'),
(21, 'Daltfresh', '€76539,71'),
(22, 'It', '€40919,81'),
(23, 'Veribet', '€56381,21'),
(24, 'Aerified', '€27356,45'),
(25, 'Tempsoft', '€45834,09'),
(26, 'Cookley', '€46482,91'),
(27, 'Stringtough', '€30037,39'),
(28, 'Solarbreeze', '€28285,42'),
(29, 'Wrapsafe', '€94505,56'),
(30, 'Span', '€24464,24'),
(31, 'Tempsoft', '€57868,32'),
(32, 'Voyatouch', '€26528,53'),
(33, 'Konklab', '€60248,16'),
(34, 'Keylex', '€28139,23'),
(35, 'Holdlamis', '€80201,99'),
(36, 'Temp', '€36139,73'),
(37, 'Toughjoyfax', '€22947,34'),
(38, 'Zamit', '€34787,88'),
(39, 'Mat Lam Tam', '€83568,07'),
(40, 'Quo Lux', '€48205,15'),
(41, 'Overhold', '€53450,78'),
(42, 'Opela', '€90591,36'),
(43, 'Biodex', '€55713,25'),
(44, 'Asoka', '€47174,67'),
(45, 'Zamit', '€10647,97'),
(46, 'Voyatouch', '€37512,37'),
(47, 'Voyatouch', '€71242,45'),
(48, 'Alphazap', '€44239,98'),
(49, 'Holdlamis', '€85607,33'),
(50, 'Overhold', '€18377,33'),
(51, 'Cardguard', '€11973,29'),
(52, 'Daltfresh', '€54968,40'),
(53, 'Y-Solowarm', '€22732,01'),
(54, 'Konklab', '€21377,32'),
(55, 'Fixflex', '€59772,30'),
(56, 'Lotstring', '€89502,56'),
(57, 'Zathin', '€89091,78'),
(58, 'Holdlamis', '€31177,29'),
(59, 'Zathin', '€66997,57'),
(60, 'Zaam-Dox', '€10478,69'),
(61, 'Duobam', '€61479,37'),
(62, 'Solarbreeze', '€73105,31'),
(63, 'Overhold', '€33427,29'),
(64, 'Regrant', '€34266,39'),
(65, 'Lotstring', '€37904,37'),
(66, 'Gembucket', '€33837,06'),
(67, 'Sonair', '€33507,36'),
(68, 'Biodex', '€73012,85'),
(69, 'Y-find', '€23238,95'),
(70, 'Sonsing', '€50530,69'),
(71, 'Ventosanzap', '€65006,71'),
(72, 'Bitwolf', '€52137,35'),
(73, 'Voyatouch', '€90664,36'),
(74, 'Solarbreeze', '€20997,00'),
(75, 'Tempsoft', '€15719,48'),
(76, 'Sub-Ex', '€89223,96'),
(77, 'Fixflex', '€20967,14'),
(78, 'Tresom', '€86532,24'),
(79, 'Redhold', '€29493,26'),
(80, 'Voyatouch', '€79664,52'),
(81, 'Cookley', '€42651,60'),
(82, 'Voltsillam', '€69673,26'),
(83, 'Pannier', '€88594,36'),
(84, 'Mat Lam Tam', '€17417,79'),
(85, 'Cookley', '€12362,09'),
(86, 'Holdlamis', '€53623,65'),
(87, 'Prodder', '€82751,10'),
(88, 'Voyatouch', '€96232,09'),
(89, 'Fixflex', '€73001,46'),
(90, 'Konklux', '€25191,11'),
(91, 'Tresom', '€80396,00'),
(92, 'Voltsillam', '€89759,98'),
(93, 'Ronstring', '€76418,61'),
(94, 'Tin', '€47314,91'),
(95, 'Alpha', '€63554,87'),
(96, 'Subin', '€44867,07'),
(97, 'Transcof', '€45093,39'),
(98, 'Bamity', '€28659,72'),
(99, 'Zontrax', '€90821,63'),
(100, 'Solarbreeze', '€47783,89');

--
-- Índices para tablas volcadas
--

--
-- Indices de la tabla `company`
--
ALTER TABLE `company`
  ADD PRIMARY KEY (`id`);

--
-- Indices de la tabla `companyProject`
--
ALTER TABLE `companyProject`
  ADD PRIMARY KEY (`idCompany`,`idProject`,`begin`),
  ADD KEY `fkProject` (`idProject`);

--
-- Indices de la tabla `employee`
--
ALTER TABLE `employee`
  ADD PRIMARY KEY (`id`),
  ADD KEY `fk_company` (`idCompany`);

--
-- Indices de la tabla `employeeProject`
--
ALTER TABLE `employeeProject`
  ADD PRIMARY KEY (`idEmployee`,`idProject`),
  ADD KEY `fk_employeeProject2` (`idProject`);

--
-- Indices de la tabla `project`
--
ALTER TABLE `project`
  ADD PRIMARY KEY (`id`);

--
-- AUTO_INCREMENT de las tablas volcadas
--

--
-- AUTO_INCREMENT de la tabla `employee`
--
ALTER TABLE `employee`
  MODIFY `id` int(11) NOT NULL AUTO_INCREMENT, AUTO_INCREMENT=1001;

--
-- AUTO_INCREMENT de la tabla `project`
--
ALTER TABLE `project`
  MODIFY `id` int(11) NOT NULL AUTO_INCREMENT, AUTO_INCREMENT=101;

--
-- Restricciones para tablas volcadas
--

--
-- Filtros para la tabla `companyProject`
--
ALTER TABLE `companyProject`
  ADD CONSTRAINT `fkCompany` FOREIGN KEY (`idCompany`) REFERENCES `company` (`id`),
  ADD CONSTRAINT `fkProject` FOREIGN KEY (`idProject`) REFERENCES `project` (`id`);

--
-- Filtros para la tabla `employee`
--
ALTER TABLE `employee`
  ADD CONSTRAINT `fk_company` FOREIGN KEY (`idCompany`) REFERENCES `company` (`id`);

--
-- Filtros para la tabla `employeeProject`
--
ALTER TABLE `employeeProject`
  ADD CONSTRAINT `fk_employeeProject1` FOREIGN KEY (`idEmployee`) REFERENCES `employee` (`id`),
  ADD CONSTRAINT `fk_employeeProject2` FOREIGN KEY (`idProject`) REFERENCES `project` (`id`);
COMMIT;

/*!40101 SET CHARACTER_SET_CLIENT=@OLD_CHARACTER_SET_CLIENT */;
/*!40101 SET CHARACTER_SET_RESULTS=@OLD_CHARACTER_SET_RESULTS */;
/*!40101 SET COLLATION_CONNECTION=@OLD_COLLATION_CONNECTION */;
